x	y	text
939	28	작업일자
953	28	작업일자
976	28	기본목록SID
1000	28	기본목록SID
1017	28	작업일자
124	29	접수년도 (FK)
143	29	접수년도 (FK)
158	29	접수년도 (FK)
177	29	접수년도 (FK)
193	29	접수년도 (FK)
939	30	형태별통계분류코드
953	30	형태별통계분류코드
1000	30	보존매체수록유형
1017	30	보고서구분코드
224	30	처리기관코드
247	30	생산기본목록SID
271	30	생산기본목록SID (FK)
290	30	생산기본목록SID (FK)
315	30	이관년도 (FK)
124	30	생산현황서식구분 (FK)
143	30	생산현황서식구분 (FK)
158	30	생산현황서식구분 (FK)
177	30	생산현황서식구분 (FK)
193	30	생산현황서식구분 (FK)
976	30	기본목록SID카운트
939	31	기록물형태코드
953	31	생산년도(종료년도)
1000	31	보존매체수록유형순서
1017	31	상세코드1
124	32	처리기관코드 (FK)
143	32	처리기관코드 (FK)
158	32	처리기관코드 (FK)
177	32	처리기관코드 (FK)
193	32	처리기관코드 (FK)
224	32	배부접수년도
271	32	변경이력순번
290	32	생산세부목록SID (FK)
315	32	자료관코드 (FK)
976	32	등록건수
576	32	공문서순번
939	32	생산년도(종료년도)
1000	32	보존매체수록유형명
1017	32	상세코드2
247	32	생산시스템구분(RG053)
552	32	공문서순번
598	32	공문서순번
224	33	배부일련번호
290	33	변경이력순번
315	33	승인일련번호 (FK)
124	33	행번호
143	33	행번호
158	33	행번호
177	33	행번호
193	33	행번호
953	33	통계건수1
976	33	세부목록SID카운트
1032	33	통계건수1
349	33	기술분류ID
367	33	기술분류ID
386	33	DESC_CLASS_ID
642	33	기능등록년도
656	33	기능등록년도
673	33	통합기록분류코드
692	33	클래스분류코드
714	33	통합기록분류코드
1000	33	평가분류일자
524	33	SID
247	34	자료관코드 (FK)
271	34	변경전기록물제목
404	34	기본목록SID
418	34	기술분류ID
431	34	기술분류ID
780	34	접수ID
315	34	이관요청순번
576	34	공문서번호
939	34	통계건수1
953	34	통계건수2
976	34	전자여부명
1017	34	통계건수1
1032	34	통계건수2
552	34	공문서번호
598	34	공문서번호
642	35	기능분류코드
656	35	기능분류코드
1000	35	평가분류일자-년도
524	35	SID
224	35	접수일자
247	35	처리기관코드
271	35	변경후기록물제목
290	35	변경전생산등록일자
418	35	분류체계구분ID
124	35	구분
143	35	구분
158	35	구분
177	35	회의명
193	35	구분
780	35	접수이력순번
349	35	원어명
367	35	원어명
386	35	ORI_LANG_NM
576	35	공문서분류명
692	35	최종단계여부
714	35	해외기록분류코드
939	35	통계건수2
953	35	통계건수3
976	35	보존시설
1017	35	통계건수2
1032	35	통계건수3
505	35	SID
450	36	등록일련번호
552	36	공문서분류명
598	36	공문서분류명
404	36	기술비고
520	36	수정순번
625	36	SBJ_PAT_COD
656	36	변경일자
1000	36	평가분류일자-분기
124	36	총계
143	36	총계
158	36	총계
177	36	개최기관명
193	36	총계
224	36	생산기관등록번호
247	36	구기록물생산기관명
271	36	변경전기록물형태
290	36	변경후생산등록일자
418	36	분류체계ID
762	36	접수ID
780	36	접수순번
321	36	SID
349	36	콜렉션명
367	36	콜렉션명
386	36	COLLECT_NM
576	37	임시1차분류
692	37	상위클래스분류코드
714	37	보유국가코드
939	37	통계건수3
953	37	통계건수4
976	37	보존시설명
1017	37	통계건수3
1032	37	통계건수4
505	37	SID
404	37	최초등록자ID
431	37	기술계층일련번호
552	37	임시2차분류
598	37	임시분류번호
484	37	기록물유형
1000	37	기록물형태
224	37	제목
247	37	생산년도
271	37	변경후기록물형태
290	37	변경전기록물제목
315	37	수신_이관구분
124	37	영구
143	37	영구
158	37	영구
177	37	참석자
193	37	영구
450	38	용어명
762	38	통보파일명
812	38	영역분류고유번호
839	38	STND_YEAR_ID
858	38	준칙코드
876	38	준칙코드 (FK)
349	38	생산시작년도
367	38	생산시작년도
386	38	PRODSTART_YEAR
501	38	재분류유형
520	38	재분류유형
576	38	임시2차분류
625	38	삭제여부
642	38	기능분류명
656	38	상위기능분류코드
673	38	단위업무구분
692	38	클래스분류단계
714	38	보존소코드
939	38	통계건수4
953	38	통계건수5
976	38	기록물종류
1017	38	통계건수4
1032	38	통계건수5
552	38	임시3차분류
598	38	단위업무별기능
404	38	최초등록일시
418	38	최초등록자ID
470	38	공개검토구분
484	38	사용여부
780	38	신청결과구분
1000	38	기록물형태명
124	39	준영구
143	39	준영구
158	39	준영구
177	39	개최횟수
193	39	준영구
224	39	받은처리기관코드
247	39	분류체계구분ID
271	39	변경일자
290	39	변경후기록물제목
315	39	수신_사유
450	39	용어구분(SV109)
762	39	통보완료구분코드
876	39	준칙예시순번
349	39	생산종료년도
367	39	생산종료년도
386	39	PRODEND_YEAR
520	39	스케줄링일련번호
576	39	임시3차분류
625	39	과제유형명
642	39	기능분류단계
656	39	기능분류명
692	39	클래스코드명
714	39	수집국가코드
673	39	처리과기관코드
939	39	통계건수5
953	39	통계건수6
976	39	기록물종류명
1017	39	통계건수5
1032	39	통계건수6
404	39	최종수정자ID
418	39	최초등록일시
431	39	기술분류설명
552	39	임시4차분류
598	39	보존영구기록
470	39	접수일시
484	39	비고
780	40	단위생산년도
812	40	기준년도ID (FK)
839	40	CMN_WORK_GBN_CODE
858	40	보존기간코드
1000	40	기록물형태순서
224	40	받은처리과명
247	40	분류체계ID
271	40	변경사유
290	40	변경전쪽수
315	40	수신_이관연기년도
124	40	20년
143	40	20년
158	40	20년
177	40	공개구분
193	40	20년
450	40	유형분류(SV110)
349	40	집중생산시기
367	40	집중생산시기
386	40	PROD_TIME
520	40	검토년도
576	40	임시4차분류
108	40	접수년도 (FK)
625	40	과제인수여부
642	40	정렬순서
656	40	기능분류단계
673	40	단위업무명
692	40	비고
714	40	수집처코드
939	40	통계건수6
953	40	통계건수7
976	40	기록물형태
1017	40	통계건수6
1032	40	통계건수7
552	41	단위업무별기능
598	41	보존10년기록
404	41	최종수정일시
418	41	최종수정자ID
431	41	차수
470	41	접수번호
484	41	등록자ID
762	41	FST_REGR_ID
780	41	처리과코드
812	41	영역분류명
839	41	STND_YY
858	41	보존기간시작년도
876	41	처리기관코드
1000	41	기록물구분
745	41	ID
124	41	10년
143	41	10년
158	41	10년
177	41	회의록작성횟수
193	41	10년
224	41	배부일자
271	41	변경자명
290	41	변경후쪽수
315	41	확정_이관구분
450	41	동의어
349	42	규모매체수량개요
367	42	규모매체수량개요
386	42	SCALE_MEDIA
520	42	검토일련번호
576	42	단위업무별기능
625	42	과제연계일자
642	42	기능유형명
656	42	정렬순서
692	42	최초등록자ID
714	42	해외기록유형코드
108	42	생산현황서식구분 (FK)
673	42	비밀단위업무여부
939	42	통계건수7
953	42	통계건수8
976	42	기록물형태명
1017	42	통계건수7
1032	42	통계건수8
404	42	기록물구분
418	42	최종수정일시
431	42	서열
552	42	보존영구기록
598	42	보존5년기록
470	42	검토서명
484	42	등록일시
762	42	FST_REG_DT
780	42	과제기능유형
812	42	등록일
839	42	RGST_DTM
858	42	보존기간종료년도
876	42	기관정보
1000	42	기록물종류명
224	42	인수자
247	42	기록물철등록일련번호
290	42	변경전결재권자
315	42	확정_사유
124	42	5년
143	42	5년
158	42	5년
177	42	서면결의횟수
193	42	5년
450	43	용어설명
349	43	소장이력
367	43	소장이력
386	43	POSS_HIS_OLD
501	43	검토의견
520	43	검토의견
576	43	보존영구갑기록
108	43	처리기관코드 (FK)
625	43	비고
642	43	기능분류등급구분
656	43	기능유형명
673	43	단위업무가명
692	43	최초등록일시
714	43	해외문서분류코드 (FK)
939	43	통계건수8
953	43	통계건수9
976	43	기록물형태순서
1017	43	통계건수8
1032	43	통계건수9
552	43	보존준영구기록
598	43	보존3년기록
404	43	기록물종류
470	43	기록물내용요약
484	43	최초등록자
743	43	전송구분
762	43	통보파일전송결과코드(CM101)
780	43	기능별단계
812	43	등록자ID
858	43	보존기간분류명
876	43	업무명칭
439	44	ID
124	44	3년
143	44	3년
158	44	3년
177	44	속기사녹음기록
193	44	3년
224	44	접수년도 (FK)
247	44	권호수
290	44	변경후결재권자
315	44	확정_이관승인년도
450	44	시소러스이관자ID
349	44	수집이관일자
367	44	수집이관일자
386	44	TRANS_ORG
501	44	검토결과
520	44	검토결과
576	44	보존영구을기록
625	44	최초등록자ID
642	44	과제시작일시
656	44	기능분류등급구분
692	44	최종수정자ID
714	44	해외문서분류명
108	44	행번호
673	44	기관공통그룹구분
939	44	통계건수9
953	44	통계건수10
976	44	유형구분코드
1000	44	최초등록일자
1017	44	통계건수9
1032	44	통계건수10
404	44	기록물유형
431	44	최하위여부
552	44	보존10년기록
598	44	보존2년기록
470	45	최초등록자
484	45	최초등록일시
743	45	최초등록일자
762	45	통보파일전송오류메세지
780	45	기능분류코드
858	45	분류기준기술
876	45	판단사유
224	45	자료관코드 (FK)
290	45	변경전기안자
315	45	확정_승인자
124	45	1년
143	45	1년
158	45	1년
177	45	회의록구성요소
193	45	1년
450	45	시소러스이관일시
349	45	수집이관기관
367	45	수집이관기관
386	45	TRANS_METHOD
501	45	생산기관의견조회여부
520	45	생산기관조회여부
576	45	보존준영구기록
625	45	최초등록일시
642	45	과제종료일시
656	45	과제시작일시
692	45	최종수정일시
714	45	시대분야
552	46	보존5년기록
598	46	보존1년기록
673	46	단위업무설명
939	46	통계건수10
953	46	통계건수11
976	46	유형구분명
1000	46	최종수정일자
1017	46	통계건수10
1032	46	통계건수11
404	46	기록물세부유형
431	46	폐지여부
470	46	최초등록일시
484	46	최종수정자
743	46	최초등록자ID
780	46	기능분류명
858	46	작성자ID
876	46	관련근거
124	46	최초등록일시
143	46	최초등록일시
158	46	최초등록일시
177	46	비고
193	46	최초등록일시
247	46	기록물형태
290	46	변경후기안자
315	46	확정_승인일자
108	46	기록물철분류번호
450	46	신조어등록자ID
349	47	수집이관방법
367	47	수집이관방법
386	47	RANGE_CONTENT
501	47	생산기관의견일시
520	47	생산기관의견일시
576	47	보존10년기록
625	47	최종수정자ID
642	47	삭제여부
656	47	과제종료일시
714	47	내용설명
673	47	행정업무참고기간구분
939	47	통계건수11
953	47	통계건수12
976	47	형태구분코드
1000	47	기본목록SID카운트
1017	47	통계건수11
1032	47	통계건수12
404	47	수집이관방법
431	47	이력관리여부
552	47	보존3년기록
598	47	보존6개월기록
470	47	최종수정자
484	47	최종수정일시
780	47	상위기능분류코드
858	47	작성일자
876	47	비고
247	47	종료년도
290	47	변경전시행일자
315	47	시스템구분
124	48	최초등록자ID
143	48	최초등록자ID
158	48	최초등록자ID
177	48	최초등록일시
193	48	최초등록자ID
108	48	생산년도
450	48	신조어등록일시
349	48	범위와내용TEXT
367	48	범위와내용TEXT
386	48	RANGE_CONTENT_CLOB
501	48	비공개연장기간
520	48	비공개연장기간
576	48	보존5년기록
625	48	최종수정일시
642	48	법적근거
656	48	삭제여부
714	48	통합기관코드
552	48	보존1년기록
598	48	비고
673	48	증빙자료유효기간구분
939	48	통계건수12
953	48	통계건수13
976	48	형태구분명
1000	48	평가분류일자(년월)
1017	48	통계건수12
1032	48	통계건수13
404	48	집중생산시기
431	48	전체기술분류ID
470	48	최종수정일시
780	48	기능분류체계
858	48	비고
876	48	최초등록자ID
124	49	최종수정일시
143	49	최종수정일시
158	49	최종수정일시
177	49	최초등록자ID
193	49	최종수정일시
247	49	보존기간
290	49	변경후시행일자
315	49	처리과코드
108	49	기록물철제목
450	49	최초등록자ID
349	49	범위와내용CLOB
367	49	범위와내용CLOB
386	49	EVAL_DISUSE_SCHE
501	49	생산기관의견
520	49	생산기관의견
576	49	보존3년기록
642	49	보존기간코드
656	49	법적근거
714	49	LITR_DIV_COD
673	49	관계법령의무기간
939	49	통계건수13
953	49	통계건수14
976	49	발간주기코드
1000	49	생산기관명
1017	49	통계건수13
1032	49	통계건수14
404	49	원본의존재와위치
431	49	전체기술분류명
552	49	비고
598	49	최초등록자ID
780	50	목적별단계
858	50	최초등록자ID
876	50	최초등록일시
247	50	보존방법
290	50	변경전수신자
315	50	생산시작년도
124	50	최종수정자ID
143	50	최종수정자ID
158	50	최종수정자ID
177	50	최종수정일시
193	50	최종수정자ID
108	50	보존기간만료일
450	50	최초등록일시
349	50	추가수집예상기록물
367	50	평가폐기처리일정정보_계열
386	50	FORECAST_ADD_DOC
501	50	문서번호
520	50	문서번호
576	50	보존1년기록
642	50	보존기간명
656	50	보존기간코드
714	50	KORGN_SCT_COD
552	51	최초등록자ID
598	51	최초등록일시
673	51	사료가치보존기간구분
939	51	통계건수14
953	51	통계건수15
976	51	발간주기명
1000	51	통계집계일시
1017	51	통계건수14
1032	51	통계건수15
431	51	최초등록자ID
780	51	목적분류코드
838	51	단위업무고유번호
858	51	최초등록일시
876	51	최종수정자ID
177	51	최종수정자ID
247	51	보존장소
290	51	변경후수신자
315	51	단위업무
812	51	소기능고유번호
108	51	폐기심사의견
450	51	최종수정자ID
222	52	접수년도
349	52	정리체계
367	52	추가수집예상기록물
386	52	ADJST_SYS
501	52	공개심의회필요여부
520	52	공개심의회필요여부
576	52	비고
642	52	공개분류코드
656	52	보존기간명
714	52	GGD_DIV_COD
673	52	보존기간종합판단구분
939	52	통계건수15
953	52	통계건수16
976	52	행정박물유형
1000	52	최초등록자ID
1017	52	통계건수15
1032	52	통계건수16
431	52	최초등록일시
552	52	최초등록일시
598	52	최종수정자ID
780	52	목적분류명
858	52	최종수정자ID
876	52	최종수정일시
247	52	비치종결일자
290	52	변경일자
315	52	기록물철등록일련번호
108	53	사유
450	53	최종수정일시
222	53	자료관코드
349	53	열람조건
367	53	정리체계
386	53	OPEN_CONDITION_OLD
501	53	심의회일시
520	53	심의회일시
576	53	최초등록자ID
642	53	비밀분류
656	53	공개분류코드
714	53	PSDNT_COD
552	53	최종수정자ID
598	53	최종수정일시
673	53	보존기간책정사유
838	53	소기능고유번호 (FK)
939	53	통계건수16
953	53	통계건수17
976	53	행정박물유형순서
1000	53	최종수정자ID
1017	53	통계건수16
1032	53	통계건수17
431	53	최종수정자ID
812	53	영역분류고유번호 (FK)
780	53	상위목적DIV코드
858	53	최종수정일시
247	54	비치사유
290	54	변경사유
315	54	권호수
108	54	폐기심의회심의결과
349	54	언어추가정보
367	54	열람조건
386	54	COPYRIGHT
501	54	심의회결과
520	54	심의회결과
576	54	최초등록일시
642	54	사용자열람범위
656	54	비밀분류
714	54	PSDNT_DOCDIV_COD
673	54	보존방법코드
838	54	보존기간코드
939	54	통계건수17
953	54	통계건수18
976	54	행정박물유형명
1017	54	통계건수17
1032	54	통계건수18
431	54	최종수정일시
552	54	최종수정일시
812	54	등록일
780	55	목적분류체계
222	55	생산기록물기관상태구분(RG057)
247	55	업무담당자
290	55	변경자명
315	55	기록물철 제목
108	55	폐기처분일
419	55	최초등록자
349	55	언어
367	55	저작권_계열
386	55	LANG_DIV
501	55	기록관리위원회상정필요여부
520	55	국가기록관리위원회
576	55	최종수정자ID
642	56	비치여부
656	56	사용자열람범위
714	56	GOVART_PAT_COD
673	56	보존장소코드
838	56	단위업무명
939	56	통계건수18
953	56	통계건수19
976	56	행정박물그룹순서
1017	56	통계건수18
1032	56	통계건수19
431	56	홈페이지서비스여부
812	56	등록자ID
780	56	보존기간생성일자
222	56	접수처시스템구분(RG053)
247	56	구기록물철분류번호
315	56	기록물형태
108	56	확인
419	56	최초등록일시
349	57	검색도구
367	57	언어
386	57	LANG_ETC
404	57	기본목록SID
469	57	공개범위평가기준코드
501	57	위원회상정일시
520	57	위원회상정일시
576	57	최종수정일시
642	57	비치만료일자
656	57	비치여부
714	57	GOVART_QUMAT_COD
673	57	비치기록물구분
838	57	단위업무설명
939	57	통계건수19
953	57	통계건수20
976	57	행정박물그룹
1017	57	통계건수19
1032	57	통계건수20
273	57	생산기본목록SID (FK)
431	57	홈페이지서비스수정자ID
812	57	소기능명
780	57	보존기간폐지일자
222	57	통보상태구분
247	57	신구기록물구분
315	57	생산종료년도
625	58	처리과코드
108	58	비고
199	58	접수년도 (FK)
419	58	최종수정자
349	58	비고
367	58	언어추가정보
386	58	SEARCH_TOOL
404	58	세부목록SID
501	58	위원회결과
520	58	위원회결과
642	58	비치만료사유
656	58	비치만료일자
714	58	비고
273	58	생산세부목록SID
484	58	재분류유형
673	58	비치기록물이관시기
838	58	등록일
939	58	통계건수20
953	58	통계건수21
976	58	원본매체
1017	58	통계건수20
1032	58	통계건수21
431	58	홈페이지서비스수정일시
780	59	보존기간책정일자
222	59	통보방법
469	59	공개범위등급
247	59	수정여부
315	59	보존기간
692	59	통합기록분류코드
108	59	최초등록일시
199	59	생산현황서식구분 (FK)
419	59	최종수정일시
349	59	최초등록자ID
367	59	검색도구
386	59	ORI_EXIST_POSITION
501	59	공개구분
520	59	공개구분
642	59	기간기록
656	59	비치만료사유
714	59	최초등록자ID
673	59	열람예상빈도구분
838	59	등록자ID
939	59	통계건수21
953	59	통계건수22
976	59	원본매체순서
1017	59	통계건수21
1032	59	통계건수22
484	59	생산년도시작
780	60	처리과보존기간코드
222	60	오류내역
247	60	등록건수
315	60	용량
404	60	기술비고
469	60	공개범위등급설명
108	60	최초등록자ID
199	60	처리기관코드 (FK)
273	60	처리기관코드
349	60	최초등록일시
367	60	원본의존재와위치_계열
386	60	COPY_EXIST_POSITION
501	60	공개제한유형
520	60	공개제한유형
642	61	단위과제개요
656	61	기간기록
714	61	최초등록일시
484	61	생산년도끝
673	61	주요열람용도구분
939	61	통계건수22
953	61	통계건수23
976	61	원본매체명
1017	61	통계건수22
1032	61	통계건수23
692	61	총독부기록분류코드
780	61	처리과책정사유
222	61	헤더파일명
404	61	최초등록자ID
469	61	작성자ID
247	61	쪽수
315	61	수집구분
108	61	최종수정일시
199	62	행번호
273	62	구기록물생산기관명
553	62	공문서순번
858	62	SKL_REG_YEAR
162	62	접수년도
349	62	최종수정자ID
367	62	사본의존재와위치_계열
386	62	REL_ARCHIVE
501	62	공개제한사유
520	62	공개제한사유
642	62	업무프로세스
656	62	단위과제개요
714	62	최종수정자ID
673	62	특수목록위치구분
939	62	통계건수23
953	62	통계건수24
976	62	원본매체그룹순서
1017	62	통계건수23
1032	62	통계건수24
484	62	검토서명
625	62	기관명
692	62	보유국가코드
780	62	처리과검토의견
997	62	작업일자
222	62	최초등록일시
247	62	전자파일갯수
315	62	시스템구분__22732
404	62	최초등록일시
469	62	작성일자
449	63	키워드등록일련번호
108	63	최종수정자ID
273	63	등록구분
858	63	기능분류코드
162	63	생산현황서식구분
349	63	최종수정일시
367	63	관련기록_계열
386	63	PUBLISH_INFO_OLD
501	63	공개여부확정
520	63	공개여부확정
743	63	접수ID (FK)
642	63	법령근거
656	63	업무프로세스
714	63	최종수정일시
484	63	주요내용
673	63	제1특수목록
939	63	통계건수24
953	63	통계건수25
976	63	원본매체그룹
1017	63	통계건수24
1032	63	통계건수25
625	63	최상위기관코드
692	63	보존소코드
199	64	생산부서명
553	64	공문서번호
780	64	기록관보존기간코드
222	64	최초등록자ID
404	64	최종수정자ID
469	64	비고
997	64	기관구분별통계분류코드
247	64	인수인계_구분
315	64	처리과코드__22734
273	64	생산등록일자
162	64	처리기관코드
349	64	년도미확정구분(SV130)
367	64	출판정보_계열
386	64	REMARK
501	64	주기사항
520	64	주기사항
642	64	보존기간처리상태
656	64	법령근거
743	64	접수순번
673	64	제2특수목록
939	64	통계건수25
953	64	통계건수26
976	64	외국기록물생산국가
1017	64	통계건수25
1032	64	통계건수26
484	65	검토의견
449	65	키워드구분(SV112)
625	65	최상위기관명
692	65	총독문서분류코드 (FK)
199	65	사업명
553	65	공문서분류명
780	65	기록관책정사유
858	65	순번
997	65	기관구분코드
222	65	최종수정일시
247	65	인수인계_처리기관코드
315	65	생산시작년도__22736
404	65	최종수정일시
469	65	최초등록자ID
273	65	생산등록번호
349	65	보존이력CLOB
367	65	비고
386	65	FST_REGR_ID
501	65	공개재분류자ID
520	65	공개재분류자ID
642	66	보존기간책정일자
656	66	보존기간처리상태
484	66	검토비공개대상정보
673	66	제3특수목록
812	66	파일고유번호
939	66	통계건수26
953	66	통계건수27
976	66	외국기록물생산국가명
1017	66	통계건수26
1032	66	통계건수27
449	66	키워드순번
625	66	삭제여부
692	66	총독문서기록종류코드
199	66	작성일자명
430	66	기본목록SID
553	66	임시분류번호
780	66	기록관검토의견
162	66	접수일자
222	66	최종수정자ID
404	66	기록물구분
469	66	최초등록일시
858	66	SBJ_SKL_PAT
997	66	생산년도(종료년도)
247	66	인수인계_단위업무코드
315	66	단위업무_22737
743	66	신청결과구분
273	67	구기록물문서번호
349	67	수집이관이력CLOB
367	67	최초등록자ID
386	67	FST_REG_DT
520	67	공개재분류일시
642	67	보존기간책정사유
656	67	보존기간책정일자
673	67	단위업무상태
939	67	통계건수27
953	67	통계건수28
976	67	민간기록물구분
1017	67	통계건수27
1032	67	통계건수28
484	67	생산기관의견일시
578	67	공문서순번
897	67	기록물종류코드
625	67	과제인수여부
692	67	총독문서기록분류명
199	67	제목
430	67	이력일련번호
553	67	단위업무별기능
780	67	법적근거
858	67	단위과제명
454	67	SID
162	68	인수자
222	68	XML 등록진행상태
247	68	인수인계_생산년도
315	68	기록물철등록일련번호_22738
404	68	기록물종류
469	68	최종수정자ID
743	68	단위생산년도
422	68	SID
273	68	분리등록번호_첨부번호
812	68	파일등록아이디
876	68	통합기록분류코드
349	68	공개조건내용2
367	68	최초등록일시
386	68	LST_UPDR_ID
501	68	이전공개구분
520	68	수정자ID
642	68	간행물여부
656	68	보존기간책정사유
484	68	문서번호
673	68	단위업무심사번호
897	68	기술영역코드
939	68	통계건수28
953	68	통계건수29
976	68	민간기록물명
997	68	통계건수1
1017	68	통계건수28
1032	68	통계건수29
625	68	과제연계일자
692	68	시대분야
199	69	보존기간
553	69	조기호표
780	69	단위과제설명
162	69	최초등록일시
222	69	XML 파싱의뢰 검사키
404	69	기록물유형
469	69	최종수정일시
858	69	UNT_SBJ_SUMM
454	69	SID
247	69	인수인계_기록물철등록일련번호
315	69	권호수__22742
743	69	처리과코드
578	69	공문서번호
812	69	기준년도ID (FK)
349	69	공개조건내용
367	69	최종수정자ID
386	69	LST_UPD_DT
501	69	이전공개제한유형
520	69	수정일시
430	69	기록물분류구분
642	69	간행물발간주기
656	69	간행물여부
673	69	단위작업일시
939	69	통계건수29
953	69	통계건수30
976	69	생산년도
997	69	통계건수2
1017	69	통계건수29
1032	69	통계건수30
484	70	생산기관의견
449	70	키워드명
625	70	비고
692	70	내용설명
199	70	내용요약
553	70	보존영구기록
780	70	핵심업무
876	70	분류체계구분ID
858	70	생산년도
162	70	최초등록자ID
222	70	END FILE NM
247	70	인수인계_권호수
315	70	최초등록일시
404	70	기록물세부유형
743	70	과제기능유형
273	70	쪽수
812	70	기관여부
897	70	기술영역명
578	70	공문서분류명
762	70	접수ID
349	71	임시저장여부
367	71	최종수정일시
386	71	PRODYEAR_DIV
501	71	이전공개재분류자ID
520	71	공개제한사유_ _37975
430	71	기술분류ID
642	71	인수여부
656	71	간행물발간주기
484	71	심의회일시
673	71	단위작업자ID
939	71	통계건수30
976	71	수집년도
997	71	통계건수3
1017	71	통계건수30
418	71	최초등록자
449	71	최초등록자ID
625	71	최초등록자ID
692	71	비고
199	71	비고
553	71	보존준영구기록
780	71	비밀분류
162	71	최종수정일시
222	71	접수일자
858	71	처리과코드
247	71	인수인계일자
315	71	최초등록자ID
743	71	기능별단계
273	72	결제권자
578	72	임시분류번호
812	72	기관별준칙년도고유번호 (FK)
897	72	차수
367	72	년도미확정구분(SV130)
386	72	OPEN_CONDITION_CLOB
501	72	이전공개재분류일시
430	72	임시보관함ID
642	72	연결작업일시
656	72	인수여부
673	72	단위게시일시
976	72	생산기관명
997	72	통계건수4
1017	72	통계건수31
484	72	심의회결과
449	72	최초등록일시
625	72	최초등록일시
692	72	최초등록자ID
199	72	생산형태종류
418	72	최초등록일시
553	72	보존10년기록
780	72	사용자열람범위
762	72	접수일시
858	72	OBJ_ST_DT
109	73	접수년도 (FK)
162	73	최종수정자ID
222	73	접수방법
247	73	내용요약정보
315	73	최종수정일시
273	73	기안자_업무담당자
897	73	담당자ID
578	73	단위업무별기능
367	73	공개조건내용2
386	73	PUBLISH_INFO_CLOB
501	73	최초등록자ID
430	73	작업일시
642	73	수행주체
656	73	연결작업일시
484	73	검토결과
673	73	비고
976	73	보존기간
997	73	통계건수5
1017	73	통계건수32
418	74	최종수정자
625	74	최종수정자ID
692	74	최초등록일시
876	74	보존기간코드
199	74	최초등록일시
553	74	보존5년기록
780	74	공개여부
109	74	생산현황서식구분 (FK)
222	74	통보일자
762	74	생산년도
858	74	OBJ_ED_DT
455	74	ID
247	74	기록물상태구분
315	74	최종수정자ID
743	74	기능분류명
273	74	시행일자
897	74	생성일자
367	74	출판정보내용2
386	74	OPEN_CONDITION
578	74	보존기간기술
430	74	작업자ID
642	74	연령
656	74	수행주체
673	74	최초등록자ID
838	74	기준년도ID
976	74	보존기간순서
997	74	통계건수6
1017	74	통계건수33
484	75	확정비공개대상정보
625	75	최종수정일시
692	75	최종수정자ID
199	75	최초등록자ID
418	75	최종수정일시
553	75	보존3년기록
780	75	카드비치여부
876	75	사용여부
762	75	처리과코드
858	75	SKL_DIV_SYS
109	75	처리기관코드 (FK)
247	75	보존분류오류여부
315	75	기록물철분류번호(수정후)
743	75	상위기능분류코드
273	75	수신자_발신자
897	75	기술영역내용
578	75	비고
349	76	기술분류ID
367	76	열람조건__33673
386	76	PUBLISH_INFO
501	76	최종수정자ID
642	76	경제주체
656	76	연령
484	76	주기사항
673	76	최초등록일시
976	76	보존기간명
997	76	통계건수7
1017	76	통계건수34
692	76	최종수정일시
876	76	비고
199	76	최종수정일시
403	76	ORG_COD
553	76	보존1년기록
780	76	조정일자
109	76	행번호
762	76	승인요청단위과제건수
858	76	보존기간코드
247	76	특수목록오류여부
315	76	이관일련번호
743	76	기능분류체계
838	77	기관코드
273	77	문서과배부번호
897	77	비고
367	77	출판정보
386	77	TRANS_DAY
501	77	최종수정일시
578	77	최초등록자ID
349	77	기관구분
642	77	기타특성
656	77	경제주체
673	77	최종수정자ID
976	77	보존방법
997	77	통계건수8
1017	77	통계건수35
484	77	최초등록자
199	77	최종수정자ID
403	77	SKL_DIV_COD
553	77	비고
780	77	조정보존기간코드
876	77	최초등록자ID
762	77	단위과제오류건수
858	77	STUTE_GRUND
524	78	SID
247	78	기타오류여부
315	78	철에속한 전자기록물건_개수
743	78	목적별단계
273	78	생산기관등록번호
838	78	기준년도
897	78	최초등록자ID
578	78	최초등록일시
349	78	기관코드
367	78	수집이관이력
386	78	POSS_HIS
501	78	공개제한사유__34198
642	78	연관영역
656	78	기타특성
109	78	구분
294	78	생산기본목록SID (FK)
484	78	최초등록일시
673	78	최종수정일시
976	78	보존방법명
997	78	통계건수9
1017	78	통계건수36
876	79	최초등록일시
553	79	최초등록자ID
780	79	조정검토사유
762	79	전송구분코드
858	79	책정사유
524	79	SID
247	79	오류내역
315	79	철에속한비전자기록물건_개수
743	79	목적분류코드
838	79	등록일
273	79	전자기록물여부
897	79	최초등록일시
367	79	보존이력
386	79	TRANS_DAY_OLD
578	79	최종수정자ID
403	79	ALL_ORG_NM
642	79	핵심영역
656	79	연관영역
976	80	이관기관코드
997	80	통계건수10
1017	80	통계건수37
109	80	롤필름
294	80	생산세부목록SID (FK)
484	80	최종수정자
553	80	최초등록일시
780	80	조정검토법적근거
876	80	최종수정자ID
762	80	접수파일명
858	80	공통분류기준
247	80	검사여부
349	80	최초등록자ID
743	80	목적분류명
273	80	기록물철분류번호
430	80	기술분류ID
838	80	기관여부
897	80	최종수정자ID
416	80	기술분류ID
578	80	최종수정일시
367	81	임시저장여부
386	81	TEMP_SAVE_YN
403	81	LOWST_ORG_NM
642	81	제공방식
656	81	핵심영역
109	81	피시
484	81	LST_UPD_DT
976	81	이관기관명
997	81	통계건수11
1017	81	통계건수38
519	81	공개제한시작쪽
876	81	최종수정일시
553	81	최종수정자ID
780	81	승인일자
762	81	단위과제접수상태
858	81	ADD_FILE_ID
247	81	반려여부
349	81	최초등록일시
743	81	상위목적DIV코드
430	82	이력일련번호
897	82	최종수정일시
1037	82	일련번호
416	82	이력일련번호
403	82	SKL_DIV_STEP
642	82	정책집행
656	82	제공방식
976	82	기관그룹명
997	82	통계건수12
1017	82	통계건수39
109	82	CD
449	82	키워드등록일련번호
553	82	최종수정일시
780	82	승인자ID
762	83	단위과제통보여부
858	83	비고
247	83	이관연기년도
349	83	최종수정자ID
743	83	목적분류체계
273	83	특수기록물
430	83	관련기술분류ID
1037	83	처리기관코드
519	83	공개제한끝쪽
403	83	HIGH_CPDIV_COD
642	83	정책수립
656	83	정책집행
109	83	DVD
294	83	첨부파일쪽수
976	83	태그발행
997	83	통계건수13
1017	83	통계건수40
449	84	이력순번
225	84	이관년도 (FK)
780	84	단위과제검수상태
416	84	기술분류변경구분
762	84	단위과제접수건수
858	84	최초등록자ID
247	84	기록물유형
349	84	최종수정일시
743	84	보존기간생성일자
273	84	공개구분
1037	84	등록취급기관
519	84	비공개제한사유
403	85	SKL_DIV_NM
642	85	대표기관코드
656	85	정책수립
976	85	태그발행명
997	85	통계건수14
1017	85	통계건수41
109	85	비고
294	85	용량
225	85	자료관코드 (FK)
430	85	하위계층여부
780	85	기록관반영여부
416	85	변경전분류명
762	85	단위과제조정건수
858	85	최초등록일시
937	85	파일확장자명
247	85	접수년도 (FK)
743	85	보존기간폐지일자
273	85	공개제한부분표시
1037	85	전문관리기관명
449	86	키워드명
403	86	FST_REGR_ID
642	86	정책지원
656	86	대표기관코드
109	86	최초등록일시
976	86	통계집계일시
997	86	통계건수15
1017	86	통계건수42
812	86	기관별준칙년도고유번호
958	86	ORGAN_CODE
430	86	변경전전체분류명
839	86	대분류고유번호
225	86	생산기본목록SID (FK)
780	86	비고
416	86	변경후분류명
762	86	단위과제검수건수
858	86	최종수정자ID
937	86	기계검수식별검증상세내용
247	86	분류체계명
743	86	보존기간책정일자
273	87	열람범위
1037	87	기관명
449	87	작업구분
403	87	FST_REG_DT
642	87	지역
656	87	정책지원
976	87	최초등록일시(YYYYMMDD)
997	87	통계건수16
1017	87	통계건수43
499	87	SID
109	87	최초등록자ID
958	87	TOP_TYPE_CODE
430	87	변경후전체분류명
780	87	최초등록자ID
416	88	변경전참조코드
762	88	요청접수일자
858	88	최종수정일시
937	88	이관년도
247	88	생산현황구분
743	88	처리과보존기간코드
273	88	구기록물보존기간
1037	88	발간주기코드
812	88	등록일
449	88	최초등록자ID
839	88	대분류코드
225	88	최초등록일시
403	88	LST_UPDR_ID
642	88	작업일시
656	88	지역
109	88	최종수정일시
976	88	최초등록자ID
997	88	통계건수17
1017	88	통계건수44
499	88	SID
625	88	단위과제명
958	88	PCOUNT
430	89	변경전전체분류ID
780	89	최초등록일시
416	89	변경후참조코드
762	89	접수자ID
937	89	기관코드
247	89	용량
743	89	처리과책정사유
315	89	이관년도
273	89	내용요약
674	89	소기능분류코드
1037	89	발간수량
494	89	공개제한시작쪽
812	89	등록자ID
839	89	대분류명
479	89	SID (FK)
449	89	최초등록일시
225	90	최초등록자ID
403	90	LST_UPD_DT
642	90	기록센타확인여부
656	90	작업일시
976	90	최종수정자ID
997	90	통계건수18
1017	90	통계건수45
109	90	최종수정자ID
129	90	접수년도 (FK)
625	90	수행부서코드
958	90	TOP_ORGAN_CODE
430	90	변경후전체분류ID
780	90	최종수정자ID
416	90	변경사유
762	90	비고
937	90	건수
247	90	이관구분(RG056)
692	90	총독문서분류코드
713	90	해외문서분류코드
743	90	처리과검토의견
531	90	SID (FK)
273	90	기록물형태
315	90	자료관코드
475	90	재분류구분(02:보존기간재분류)
1037	90	발간주기명
812	91	기관코드 (FK)
449	91	최종수정자ID
839	91	등록일
225	91	최종수정일시
642	91	관리속성작성여부
656	91	기록센타확인여부
976	91	최초등록일시
997	91	통계건수19
1017	91	통계건수46
129	91	생산현황서식구분 (FK)
173	91	접수년도 (FK)
625	91	수행부서명
367	91	기능어등록일련번호
674	91	단위기능분류명
780	91	최종수정일시
416	91	작업일시
494	91	공개제한끝쪽
762	91	최초등록자ID
937	91	최초등록일시
247	91	최초등록일시
743	91	기록관보존기간코드
315	92	승인일련번호
475	92	재분류일자
531	92	SID (FK)
273	92	시청각매체구분
1037	92	발간주기순서
812	92	기준년도ID (FK)
839	92	등록자ID
449	92	최종수정일시
225	92	최종수정자ID
642	92	단위과제설명
656	92	관리속성작성여부
976	92	최종수정일시
997	92	통계건수20
1017	92	통계건수47
692	92	상위총독문서분류코드 (FK)
713	92	상위해외문서분류코드 (FK)
129	92	처리기관코드 (FK)
173	92	생산현황서식구분 (FK)
625	92	과제인수여부
367	92	기능어이력순번
674	92	단위기능분류구분
780	92	조정결과
416	93	작업자ID
526	93	재분류구분(SV078)
762	93	최초등록일시
878	93	기록물종류코드 (FK)
937	93	최초등록자정보
247	93	최초등록자ID
494	93	비공개제한사유
743	93	기록관책정사유
273	93	신구기록물구분
1037	93	등록처리일
387	93	ID
839	93	기관별준칙년도고유번호 (FK)
642	93	과제인수여부
656	93	단위과제설명
692	93	기능레벨구분
713	93	분류레벨구분
997	93	통계건수21
1017	93	통계건수48
129	94	행번호
154	94	접수년도 (FK)
173	94	처리기관코드 (FK)
625	94	과제연계일자
315	94	통보상태구분
475	94	재분류심의여부
674	94	상위단위기능분류코드
294	94	생산기본목록SID (FK)
494	94	최초등록자ID
526	94	재분류일자
762	94	최종수정자ID
878	94	기술영역코드 (FK)
937	94	최종수정일시
517	94	SID (FK)
247	94	최종수정일시
743	94	기록관검토의견
384	94	/
273	94	수정여부
367	95	기능어명
642	95	과제연계일자
656	95	과제인수여부
997	95	통계건수22
1017	95	통계건수49
692	95	총독문서기능코드
713	95	해외문서기능코드
154	95	생산현황서식구분 (FK)
173	95	행번호
625	95	비고
315	95	통보방법
475	95	재분류심의일자
674	95	단위기능분류설명
1037	95	최초등록일시
294	95	생산세부목록SID (FK)
762	95	최종수정일시
878	95	기술항목코드 (FK)
937	95	최종수정자정보
517	95	SID (FK)
247	95	최종수정자ID
494	95	최초등록일시
743	95	법적근거
555	95	통합기록분류코드
273	95	반려여부
129	96	제목
367	96	작업구분
642	96	비고
656	96	과제연계일자
526	96	재분류심의여부
692	96	총독문서기능명
713	96	해외문서기능명
997	96	통계건수23
1017	96	통계건수50
154	96	처리기관코드 (FK)
207	96	접수년도 (FK)
625	96	최초등록자ID
315	96	최초등록일시
475	96	재분류심의결과
191	96	접수년도 (FK)
674	96	단위기능폐지여부
1037	96	최종수정일시
294	96	행번호
382	96	사용여부
494	96	최종수정자ID
878	96	기술세항코드
247	97	구기록물처리과코드
743	97	단위과제설명
273	97	최초등록일시
129	97	권호
173	97	생산부서명
367	97	최초등록자ID
526	97	재분류심의일자
642	97	최초등록자ID
656	97	비고
997	97	통계건수24
1017	97	통계건수51
692	97	총독문서기능설명
713	97	해외문서기능설명
154	97	행번호
207	97	생산현황서식구분 (FK)
437	97	임시보관함ID
555	97	공문서분류년도
625	97	최초등록일시
858	97	단위과제고유번호
898	97	기록물종류코드 (FK)
315	97	최초등록자ID
349	97	기능어등록일련번호
475	97	기관장확인
191	98	생산현황서식구분 (FK)
674	98	단위작업일시
1037	98	형태구분코드
382	98	최초등록자
494	98	최종수정일시
743	98	핵심업무
273	98	최초등록자ID
129	98	발행일자명
173	98	생산일자명
512	98	특수기록물
367	98	최초등록일시
642	98	최초등록일시
656	98	최초등록자ID
294	98	특수목록1
526	98	재분류심의결과
692	98	비고
713	98	비고
878	98	기술세항명
997	98	통계건수25
1017	98	통계건수52
207	99	처리기관코드 (FK)
625	99	최종수정자ID
315	99	최종수정일시
475	99	비공개사유
555	99	공문서번호
898	99	기술영역코드 (FK)
191	99	처리기관코드 (FK)
674	99	단위작업자ID
1037	99	형태구분명
382	99	최초등록일시
225	99	이관년도
743	99	비밀분류
273	99	최종수정일시
129	99	생산부서명
154	99	생산년도
173	99	제목
437	99	임시보관함명
512	99	관련일자
858	99	중분류고유번호 (FK)
349	100	기본목록ID
294	100	특수목록2
367	100	최종수정자ID
526	100	기관장확인
642	100	최종수정자ID
656	100	최초등록일시
878	100	정책영역기술여부
997	100	통계건수26
1017	100	통계건수53
692	100	최초등록자ID
713	100	최초등록자ID
207	100	행번호
555	100	분류코드명
581	100	통합기록분류코드 (FK)
625	100	최종수정일시
898	100	기술항목코드
959	100	TYPE_CODE
315	100	최종수정자ID
475	100	비공개페이지
191	100	행번호
674	100	비고
1037	100	처리부서코드
225	100	자료관코드
382	100	최종수정자
743	100	사용자열람범위
273	100	최종수정자ID
129	101	쪽수
154	101	유형
173	101	내용요약
437	101	보관여부
349	101	기능어순번
512	101	인터넷공개여부
858	101	단위과제명
367	101	최종수정일시
642	101	최종수정일시
656	101	최종수정자ID
294	101	특수목록3
526	101	스케줄링일련번호 (FK)
692	101	최초등록일시
713	101	최초등록일시
878	101	정책분야기술여부
997	101	통계건수27
1017	101	통계건수54
581	101	공문서순번
959	101	ORGAN_CODE
315	101	에크
475	101	비공개대상정보
555	101	단위업무별기능
674	101	최초등록자ID
1037	101	처리부서명
382	101	최종수정일시
743	102	공개여부
400	102	일련번호
129	102	유형구분
154	102	장소
173	102	기록물형태
207	102	관리번호명
414	102	일련번호
437	102	최초등록자ID
512	102	비밀여부
858	102	보존기간근거
898	102	기술항목명
349	102	기능어명
191	102	관리번호명
526	102	비공개사유
642	102	변경사유코드
656	102	최종수정일시
878	102	기록물군기술여부
997	102	통계건수28
1017	102	통계건수55
692	102	최종수정자ID
713	102	최종수정자ID
225	102	이관시작일자
555	102	분류레벨구분
959	102	PCOUNT
315	103	이관회차(파일명의이관회차)
475	103	변경전보존기간
674	103	최초등록일시
1037	103	공개여부
743	103	카드비치여부
839	103	중분류고유번호
129	103	발간주기
154	103	제목
173	103	관련문서번호
207	103	생산일자명
437	103	최초등록일시
581	103	공문서분류년도
349	103	최초등록자ID
512	103	인명
858	103	단위과제코드
898	103	차수
191	103	생산일자명
642	103	변경사유
656	103	변경사유코드
526	103	비공개페이지
692	103	최종수정일시
713	103	최종수정일시
878	103	기록물계열기술여부
997	103	통계건수29
1017	103	통계건수56
225	104	이관종료일자
475	104	변경후보존기간
555	104	주류코드
400	104	기본목록SID
674	104	최종수정자ID
1037	104	공개여부명
414	104	기본목록SID
743	104	조정일자
129	104	형태구분
154	104	재질
173	104	매체
207	104	제목
437	104	최종수정자ID
581	104	공문서번호
858	104	보존기간코드
898	104	담당자ID
349	105	최초등록일시
191	105	제목
526	105	비공개대상정보
656	105	변경사유
878	105	하위기록물계열기술여부
997	105	통계건수30
1017	105	통계건수57
225	105	인수담당자
555	105	대분류코드
839	105	중분류코드
475	105	폐기심의여부
498	105	SID (FK)
400	105	세부목록SID
674	105	최종수정일시
1037	105	저작물이용동의
414	105	홈페이지서비스여부
743	105	조정보존기간코드
129	106	비고
154	106	수량
173	106	보존기간
207	106	분량_커트
437	106	최종수정일시
581	106	구보존구분코드
349	106	최종수정자ID
512	106	사건명
858	106	단위과제보존기간설명
898	106	생성일자
191	106	분량_면수
526	106	변경전보존기간
781	106	접수ID
878	106	기록물철기술여부
1017	106	통계건수58
225	106	비고
839	106	대분류고유번호 (FK)
475	106	폐기심의일자
555	106	중분류공문서코드
498	106	SID (FK)
400	106	홈페이지서비스여부
1037	106	저작물이용동의명
414	106	최초등록자
743	107	조정검토사유
129	107	용역사업명
154	107	규격
173	107	등록건수
207	107	공개구분명
512	107	기구명
581	107	구보존기록명
858	107	등록자ID
898	107	기술항목내용
349	107	최종수정일시
191	107	공개구분명
526	107	변경후보존기간
878	107	기록물건기술여부
1017	107	통계건수59
367	107	기능어등록일련번호
494	107	공개제한시작쪽
781	107	접수순번
225	107	통보상태구분
555	107	세분류공문서코드
839	107	중분류명
475	108	폐기심의결과
400	108	최초등록자
1037	108	통계집계일시
414	108	최초등록일
274	108	생산기본목록SID
743	108	조정검토법적근거
129	108	시행기관
154	108	비고
173	108	비고
207	108	사용필름명
581	108	비고
248	108	생산기본목록SID (FK)
512	108	기관조회
858	108	등록자ID__25468
898	108	비고
191	108	광디스크종류
526	109	폐기심의여부
878	109	필수선택여부
1017	109	통계건수60
225	109	통보방법
839	109	등록일
475	109	폐기보류기간
555	109	상위공문서코드
400	109	최초등록일
1037	109	최초등록자ID
414	109	반영여부
274	109	인계인수순번
743	109	승인일자
494	109	공개제한끝쪽
781	109	변경사유
129	109	최초등록일시
154	109	최초등록일시
173	109	최초등록일시
207	109	최초등록일시
512	109	공개제한사유
581	109	최초등록자ID
898	109	최초등록자ID
248	110	행번호
372	110	SID
191	110	최초등록일시
526	110	폐기심의일자
878	110	차수
225	110	최초등록일시
555	110	보존기간코드
839	110	등록자ID
475	110	최초등록자ID
400	110	반영여부
1037	110	최종수정자ID
384	110	기술분류ID
414	110	반영일시
743	110	승인자ID
129	111	최초등록자ID
154	111	최초등록자ID
173	111	최초등록자ID
207	111	최초등록자ID
367	111	기능어순번
494	111	비공개제한사유
581	111	최초등록일시
781	111	FST_REG_DT
512	111	평가자의견
898	111	최초등록일시
191	111	최초등록자ID
526	111	폐기심의결과
878	111	담당자ID
225	111	최초등록자ID
274	111	인계인수구분
475	111	최초등록일시
555	111	비고
400	111	반영일시
384	112	관련기술분류ID
414	112	최종수정일시
248	112	특수목록1
743	112	단위과제검수상태
367	112	기능어명
437	112	임시보관함ID
494	112	CMS수신여부
781	112	FST_REGR_ID
129	112	최종수정일시
154	112	최종수정일시
173	112	최종수정일시
207	112	최종수정일시
512	112	기술내용요약
581	112	최종수정자ID
898	112	최종수정자ID
191	112	최종수정일시
526	112	폐기보류기간
878	112	생성일자
225	112	최종수정일시
274	112	인계인수-처리과코드
555	112	최초등록자ID
475	113	최종수정자ID
400	113	최종수정일시
414	113	최종수정자ID
248	113	특수목록2
743	113	기록관반영여부
129	113	최종수정자ID
154	113	최종수정자ID
173	113	최종수정자ID
207	113	최종수정자ID
367	113	최초등록자ID
437	113	기본목록SID
494	113	CMS전송여부
581	113	최종수정일시
512	113	CMS수신여부
898	113	최종수정일시
191	113	최종수정자ID
526	114	최초등록자ID
878	114	기술세항내용
225	114	최종수정자ID
274	114	인계인수일자
475	114	최종수정일시
555	114	최초등록일시
400	114	최종수정자ID
414	114	LST_UPDR_ID__51858
248	114	특수목록3
743	114	비고
367	114	최초등록일시
494	114	CMS수신ID
512	115	CMS전송여부
526	115	최초등록일시
878	115	예시내용
225	115	에크
555	115	최종수정자ID
475	115	보존기간재분류이력내용
437	115	임시보관상태구분
743	115	최초등록자ID
367	116	최종수정자ID
494	116	최초등록자ID
512	116	CMS수신ID
526	116	최종수정자ID
878	116	비고
475	116	보류
555	116	최종수정일시
437	116	최초등록자ID
743	117	최초등록일시
367	117	최종수정일시
494	117	최초등록일시
512	117	최초등록자ID
526	117	최종수정일자
878	117	최초등록자ID
475	118	확정여부
437	118	최초등록일시
743	118	최종수정자ID
367	118	기능어코드
494	118	최종수정자ID
512	118	최초등록일시
878	119	최초등록일시
437	119	최종수정자ID
743	119	최종수정일시
367	119	기술분류ID
494	119	최종수정일시
512	120	최종수정자ID
878	120	최종수정자ID
437	120	최종수정일시
743	121	조정결과
367	121	전거ID
512	121	최종수정일시
878	121	최종수정일시
250	141	(RG)
272	141	(RG)
298	141	(RG)
106	143	이관년도
129	143	품질검사순번
307	143	저장매체ID
321	143	저장매체ID (FK)
251	143	SID
272	143	SID (FK)
296	143	SID (FK)
230	143	SID (FK)
157	143	이관년도
106	144	기관코드
129	144	검수자ID
223	144	행번호
321	144	작업일시
272	144	SID
296	144	SID (FK)
157	144	이관일련번호
307	145	볼륨ID (FK)
106	145	일련번호
157	146	이관기본목록SID
129	146	일일할당량배정일자
223	146	특수목록1
307	146	저장매체유형코드
321	146	저장매체오류ID
248	146	(FK)
181	146	BSID (FK)
199	147	BSID
157	147	이관세부목록SID
106	147	규격검사시작일
129	147	일일할당검수건수
223	147	특수목록2
307	147	저장매체명
321	147	저장위치
251	147	(FK)
181	148	DSID
106	148	규격검사종료일
129	148	품질검사차수
223	148	특수목록3
307	148	저장매체위치
321	148	매체구분코드
199	149	PROD_DIV_CODE
157	149	일일할당량배정일
181	150	BND_TITLE
644	150	SID (FK)
106	150	규격검사평균소요시간
129	150	품질검사상태코드(RG114)
307	150	매체구분코드
321	150	매체이름
199	150	PROD_YY
289	150	DOC_USER_NM
157	150	일일할당량검수일
644	151	SID
106	151	규격검사총소요시간
129	151	1차품질검사자ID
181	151	EQ_TITLE
307	151	문서유형코드
321	151	작업자ID
199	151	CLSS_ID
157	151	일일검수완료
518	152	SID
978	152	USR_ID
987	152	계급코드
996	152	문헌분류코드
1011	152	통합기록분류코드
1028	152	한국지역구분코드
1047	152	직류코드
1064	152	직군코드
181	152	SUB_TITLE
106	152	규격검사계획_철
129	152	2차품질검사배정일자
307	152	총용량
321	152	작업구분코드
199	152	BND_TITLE
248	152	ID
963	153	GRP_CD
157	153	재검수여부
488	153	기본목록SID
513	153	생산시스템구분(RG053)
106	153	규격검사실행전_철
129	153	2차품질검사자ID
181	153	ETC_TITLE
307	153	사용가능용량
321	153	오류내용
456	154	등록취급기관 (FK)
199	154	EQ_TITLE
690	154	대량등록작업ID
709	154	대량등록작업ID (FK)
733	154	임시기본목록SID
759	154	임시기본목록SID
780	154	임시기본목록SID
556	154	BSID
157	154	재검수확인여부
437	154	등록취급기관
639	154	구기록물생산기관명
978	154	USR_NM
987	154	계급명
996	154	문헌코드구분
1011	154	역사기록분류코드
1028	154	보존기술코드
1047	154	직류명
1064	154	직군명
621	154	SID (FK)
886	154	통합기관코드 (FK)
421	154	SID (FK)
963	155	GRP_NM
181	155	TMP_TITLE
864	155	통합기관코드
106	155	규격검사실행_철
129	155	1차품질검사추출비율
307	155	사용량
321	155	감사추적
199	155	SUB_TITLE
456	155	처리기관코드 (FK)
927	155	자체관리통합기관코드 변경이력
596	155	SID
709	155	임시기본목록SID
759	155	임시세부목록SID
157	155	1차품질검사배정일자
437	155	처리기관코드
639	155	등록구분
978	155	GRP_CD
987	155	비고
996	155	문헌코드
1011	155	보유국가코드
1028	155	한국지역명
1047	155	비고
1064	155	비고
395	155	SID (FK)
621	155	SID (FK)
488	155	등록취급기관
556	156	PRODSYSDIV
513	156	구기록물생산기관명
690	156	대량등록업무구분코드
733	156	행번호
780	156	등록취급기관
841	156	통합기관코드 (FK)
963	156	GRP_PRNT_CD
416	156	등록취급기관 (FK)
106	156	규격검사정상_철
129	156	1차품질검사추출건수
181	156	PRSD_NAME
307	156	매체설명
321	156	비고
456	156	일련번호 (FK)
596	156	SID
199	156	ETC_TITLE
391	156	목차주기사항
616	156	문서관계
927	156	일련번호
157	156	2차품질검사배정일자
437	156	일련번호
488	156	처리기관코드
978	156	POS_CD
987	156	최초등록자ID
996	156	주류코드
1011	156	보존소코드
1028	156	한문지역명
1047	156	최초등록자ID
1064	156	최초등록자ID
544	157	SID (FK)
864	157	통합기관구분
556	157	KIKWANCODE
690	157	대량등록업무담당자ID
709	157	대량등록파일ID
733	157	특수목록1
759	157	사용자부여기록물철ID
780	157	처리기관코드
963	157	GRP_DEPTH
181	157	PROD_DT
223	157	REAL_SEQ (FK)
289	157	저장매체ID (FK)
416	157	처리기관코드 (FK)
106	157	규격검사오류_철
129	157	2차품질검사추출비율
307	157	광디스크번호
321	157	최초등록자ID
199	157	TMP_TITLE
391	157	라인번호
456	157	발간주기코드 (FK)
616	157	첨부파일일련번호
540	158	변경이력순번
908	158	기관코드구분
157	158	1차품질검사자ID
437	158	발간주기코드
639	158	생산등록번호
978	158	TEL
987	158	최초등록일시
996	158	강목코드
1011	158	문헌분류코드 (FK)
1028	158	비고
1047	158	최초등록일시
1064	158	최초등록일시
488	158	일련번호
591	158	처리기관코드
556	158	OLDPRODKIKWAN
848	158	(CM 081)
366	158	ID
513	158	분류체계ID
690	158	보존시설
709	158	사용자부여기록물철ID
733	158	특수목록2
759	158	문서번호
780	158	일련번호
927	158	기관코드구분(CM081)
963	158	GRP_FULLNM
416	158	일련번호 (FK)
106	158	규격검사처리율
129	158	2차품질검사추출건수
181	158	DOC_DESC
223	158	ERROR_SEQ
307	158	문서저장유형
321	158	최초등록일시
886	159	최하위기관명
199	159	DOC_QTY
289	159	1
908	159	유형분류(대)
157	159	2차품질검사자ID
488	159	발간주기코드(RG028)
978	159	EMAIL
987	159	최종수정자ID
996	159	분류명
1011	159	한국지역구분코드 (FK)
1028	159	최초등록자ID
1047	159	최종수정자ID
1064	159	최종수정자ID
362	159	첨부파일명
591	159	구기록물생산기관명
556	159	PRODYEAR
391	159	내용
456	159	폐간일자
616	159	버전
513	160	기록물철등록일련번호
540	160	변경전기록물제목
690	160	대량등록작업명
709	160	기록물철분류번호
733	160	특수목록3
759	160	건번호
780	160	발간주기코드
181	160	PRSN_LCTN
416	160	발간주기코드 (FK)
106	160	규격검사비고
129	160	1차오검수건수
307	160	공개여부
321	160	최종수정자ID
199	160	PRS_PLACE_GBN
886	160	기관차수
289	160	1
157	160	품질검사순번 (FK)
639	160	"분리등록번호(첨부번호)"
978	160	USE_YN
987	160	최종수정일시
996	160	주구분
1011	160	시대구분코드
1028	160	최초등록일시
1047	160	최종수정일시
1064	160	최종수정일시
488	160	발행일자
841	160	전체기관명
362	160	ALERO파일SEQ
591	160	등록구분
864	160	사용여부
223	161	LINE_NUM
556	161	CLSS_ID
456	161	작업자ID
391	161	PAGE
513	161	권호수
540	161	변경후기록물제목
616	161	DOC_USER_NM
690	161	대량등록작업상태코드
709	161	기록물철등록일련번호
733	161	최초등록일시
759	161	건연결번호
780	161	발행일자
927	161	전체기관명
908	161	유형분류(중)
106	161	규격검사계획수량_파일
129	161	2차오검수건수
181	161	PRSN_NAME
307	161	사용시스템
321	161	최종수정일시
437	161	기능분류코드
886	161	기관서열
199	161	PRS_PRD_GBN
289	161	2
157	161	1차품질검사완료여부
488	161	KDC코드
978	161	REG_DT
996	161	문헌분류설명
1011	161	역사기록분류명
1028	161	최종수정자ID
841	162	최하위기관명
223	162	ERROR_COL
362	162	파일사용여부
591	162	생산등록일자
864	162	비고
556	162	DOCYEARNO
391	162	PAGE_DOC
456	162	폐간사유
616	162	파일명(첨부파일명)
927	162	최하위기관명
540	162	변경전기록물형태
690	162	기록물구분
709	162	기록물관리번호
733	162	최초등록자ID
759	162	생산등록번호
780	162	KDC코드
181	162	PRSN_POS
437	162	내용
908	162	시작번호
106	162	규격검사실행전_파일
129	162	1차오검수보정건수
307	162	비고
199	162	PRS_MTHD_GBN
886	162	소속기관차수
289	163	2
416	163	KDC
157	163	2차품질검사완료여부
639	163	쪽수
996	163	비고
1011	163	시대분야
1028	163	최종수정일시
488	163	기능분류코드
841	163	기관차수
591	163	생산등록번호
864	163	최초등록자ID
223	163	ERROR_DESC
556	163	VOLNO
456	163	발행기관
391	163	최초등록일시
540	163	변경후기록물형태
616	163	파일명_사본
690	163	기록물형태
709	163	처리기관코드
733	163	최종수정일시
759	163	생산등록일자
780	163	기능분류코드
927	163	기관차수
416	163	기능분류코드
908	163	끝번호
106	164	규격검사실행_파일
129	164	2차오검수보정건수
181	164	DTL_FORM_GBN
307	164	최초등록자ID
437	164	DEL처리부서코드
199	164	DOC_TYPE_GBN
157	164	1차품질검사오검수여부
488	164	간행물제목
639	164	결제권자
996	164	최초등록자ID
1011	164	내용설명
841	164	기관서열
591	164	구기록물문서번호
864	164	최초등록일시
556	164	BND_TTL
391	164	최초등록자ID
456	164	최초등록일시
616	164	용량
927	164	기관서열
513	165	종료년도
540	165	변경일자
690	165	대량등록기록물철수량
709	165	구기록물생산기관명
733	165	최종수정자ID
759	165	시작일자
780	165	간행물제목
181	165	DTL_COLOR_GBN
437	165	전화번호
908	165	내용설명
106	165	규격검사정상_파일
129	165	재검수확인여부
307	165	최초등록일시
199	165	ORG_TYPE_GBN
157	165	2차품질검사오검수여부
639	165	"기안자(업무담당자)"
996	165	최초등록일시
1011	165	비고
488	165	추가서명
841	165	소속기관차수
591	165	"분리등록번호(첨부번호)"
864	165	최종수정자ID
556	166	DOCTYPE
456	166	최초등록자ID
391	166	최종수정일시
540	166	변경사유
616	166	첨부파일쪽수
690	166	대량등록기록물건수량
709	166	이관기관
759	166	종료일자
780	166	추가서명
927	166	소속기관차수
416	166	추가서명
908	166	최초등록자ID
106	166	규격검사오류_파일
129	166	최초등록일시
181	166	DTL_FLD_GBN
307	166	최종수정자ID
437	166	FAX번호
886	166	대표기관코드
199	166	RMRK
157	167	1차품질검사오검수보정여부
488	167	저자명
639	167	시행일자
996	167	최종수정자ID
1011	167	최초등록자ID
841	167	최상위코드
591	167	제목
864	167	최종수정일시
556	167	ENDYEAR
391	167	최종수정자ID
456	167	최종수정일시
616	167	첨부파일종류코드
927	167	최상위코드
513	167	보존방법
540	167	변경자명
690	167	대량등록검수자ID
709	167	생산년도
759	167	시행일자
780	167	저자명
181	167	DTL_STND_GBN
908	167	최초등록일시
106	167	전자서명유효성검사시작일
129	167	최초등록자ID
307	167	최종수정일시
199	167	PROD_DIV_NAME
886	167	유형대분류
157	168	2차품질검사오검수보정여부
639	168	"수신자(발신자)"
996	168	최종수정일시
1011	168	최초등록일시
488	168	책등길이
841	168	차상위코드
591	168	쪽수
864	168	폐쇄기관여부
556	168	KIKAN
456	168	최종수정자ID
321	168	저장매체ID (FK)
513	168	보존장소
616	168	저장매체ID
690	168	대량등록검수일시
709	168	종료년도
759	168	접수일자
780	168	책등길이
927	168	차상위코드
416	168	책등길이
908	168	최종수정자ID
106	169	전자서명유효성검사종료일
129	169	최종수정일시
181	169	ORGAN_NAME
437	169	등록처리자직급
886	169	유형중분류
199	169	CLSS_NAME
157	169	1차품질오류여부
224	169	REAL_SEQ
488	169	규격코드(RG031)
639	169	문서과배부번호
1011	169	최종수정자ID
591	169	결제권자
864	169	기관명(폐쇄기관용)
556	169	METHOD
845	169	(
847	169	)
456	170	신청자이름
616	170	저장패스명
927	170	유형분류(대)
321	170	작업일시
513	170	비치종결일자
690	170	대량등록승인자ID
709	170	인수일자
759	170	제목
780	170	규격코드
181	170	RMRK
416	170	규격코드
437	170	등록처리자이름
908	170	최종수정일시
106	170	전자서명유효성검사평균소요시간
129	170	최종수정자ID
199	170	OPEN_YN
886	170	유형소분류
157	170	2차품질오류여부
639	170	생산기관등록번호
1011	170	최종수정일시
488	170	쪽수
591	170	"기안자(업무담당자)"
841	170	유형분류(중)
556	171	PLACE
456	171	신청자부서
513	171	비치사유
616	171	알레로등록구분코드
690	171	대량등록승인일시
709	171	기록물철제목
759	171	대등제목
780	171	쪽수
927	171	유형분류(중)
416	171	쪽수
106	171	전자서명유효성검사총소요시간
130	171	QLTY_1ST_ID
181	171	DTL_KIND_GBN
224	171	REAL_TITLE
437	171	등록처리일
886	171	기관우편번호
199	171	RJCT_YN
289	171	NEO
157	172	최초등록일시
488	172	내용
639	172	전자기록물여부
1011	172	시대구분명
321	172	저장매체명
841	172	유형분류(소)
591	172	시행일자
556	172	ENDDATE
456	172	신청자연락처
616	172	알레로키
927	172	유형분류(소)
513	172	업무담당자
690	172	대량등록작업비고
709	172	대등제목
759	172	부제목
780	172	내용
181	172	OPEN_YN
224	172	REQR_NAME
416	172	내용
437	172	상태
106	172	전자서명유효성검사계획_철
199	173	RJCT_RSN
886	173	행정동코드
289	173	NEO
157	173	최초등록자ID
639	173	기록물철분류번호
488	173	내용언어코드(RG032)
321	173	저장위치
591	173	"수신자(발신자)"
556	173	ENDSAYU
513	173	구기록물철분류번호
616	173	접수년도
690	173	대량등록파일삭제여부
709	173	부제목
759	173	기타제목
780	173	내용언어코드
927	173	소장처구분(CM082)
416	173	내용언어코드
106	174	전자서명유효성검사실행전_철
181	174	RJCT_YN
224	174	REQ_DT
363	174	작업요청번호
437	174	미수집제외구분
886	174	소재지코드
199	174	MAM_PATH
157	174	최종수정일시
488	174	형태구분코드(RG044)
639	174	특수기록물
321	174	매체구분코드
591	174	문서과배부번호
556	174	DAMDANG
845	175	(CM _FOREIGN)
616	175	접수번호
927	175	소장국가(CM_FOREIGN)
513	175	신구기록물구분
690	175	최초등록자ID
709	175	기타제목
759	175	제목(띄어쓰기)
780	175	형태구분코드
181	175	RJCT_RSN
224	175	CLCT_MNGR_NAME
437	175	처리부서코드
106	175	전자서명유효성검사실행_철
363	175	등록구분
199	175	DTL_GBN
886	175	지번
157	175	최종수정자ID
639	175	공개구분
488	175	유형구분코드(RG034)
321	176	매체이름
591	176	생산기관등록번호
841	176	소장기관설명(소장자설명)
556	176	OLDBUNRYUNO
513	176	수정여부
616	176	알레로등록결과
690	176	최초등록일시
709	176	제목(띄어쓰기)
759	176	원어명
780	176	유형구분코드
927	176	소장기관설명
106	176	전자서명유효성검사정상_철
181	176	MAM_PATH
224	176	CLCT_DT
363	176	발간등록번호별기본목록순서
437	176	MTYPE
886	176	기관지번
199	176	STAT_CODE
293	176	ID
157	177	검수자ID (FK)
488	177	유형구분코드2(RG034)
639	177	공개제한부분표시
321	177	작업구분코드
841	177	소장기관연혁(소장자이력)
591	177	전자기록물여부
544	177	SID (FK)
556	177	OLDGUBUN
616	177	알레로등록일
927	177	소장기관연혁
513	177	등록건수
690	177	최종수정자ID
709	177	원어명
759	177	서비스제목
780	177	보존등급
870	177	통합기관코드 (FK)
181	177	PROD_PLACE
224	177	ON_LINE_GBN
416	177	보존등급
397	177	SID (FK)
106	177	전자서명유효성검사오류_철
363	177	발간등록번호
199	178	MNGNO_ASNG_DTM
886	178	기관전화번호
437	178	RECGUBUN
540	178	행번호
639	178	구기록물보존기간
488	178	보존등급(RG040)
321	178	감사추적
591	178	기록물철분류번호
556	178	ISUPDATE
392	178	복본구분
513	178	쪽수
616	178	해쉬알고리즘
690	178	최종수정일시
709	178	서비스제목
759	178	서비스제목적용여부
780	178	열람등급
927	178	참조기관코드
416	179	열람등급
106	179	전자서명유효성검사처리율
181	179	MAMDSID
224	179	RGST_DTM
363	179	발간일자
437	179	발행기관
886	179	기관팩스번호
199	179	MNGNO
995	179	데몬프로세스ID
1029	179	법정동코드
1046	179	직급코드
1064	179	직렬코드
456	179	전송일시
488	179	열람등급(RG041)
639	179	내용요약
321	179	비고
841	179	생성일자
870	179	구기록기관코드
591	179	특수기록물
732	179	임시기본목록SID
556	179	DETQTY
977	179	대통령기록분류코드
308	180	볼륨ID
392	180	복본표시
616	180	해쉬값
927	180	생성일자
962	180	일련번호
709	180	서비스제목적용여부
759	180	서비스제목최종수정자ID
780	180	코너구분
224	180	RGST_ADMIN_ID
416	180	코너구분
437	180	신청구분코드
540	180	특수목록1
106	180	전자서명유효성검사비고
363	180	등록일자
199	180	REAL_SEQ (FK)
886	180	생성일자
1013	180	목적분류코드
456	180	순번
639	180	기록물형태
488	180	실제책페이지
321	181	최초등록자ID
591	181	공개구분
841	181	폐지일자
870	181	구기관코드명
732	181	임시세부목록SID
556	181	PAGE
513	181	인수인계_구분
616	181	변환상태구분코드
709	181	서비스제목최종수정자ID
759	181	서비스제목최종수정일자
780	181	DOCUNO
927	181	폐지일자
995	181	데몬프로세스명
1029	181	법정동명
1046	181	직급명
1064	181	직렬명
416	181	DOCUNO
106	181	전자서명유효성검사계획수량_파일
363	181	권
437	181	형태구분코드
540	181	특수목록2
886	181	폐지일자
231	181	SID (FK)
977	182	대통령기록분류명
308	182	볼륨명
488	182	권
639	182	신구기록물구분
962	182	파일명
321	182	최초등록일시
870	182	참조기관코드
591	182	공개제한부분표시
556	182	ELECFILENO
616	182	육안검사일자
927	182	폐지구분
513	182	인수인계_처리기관코드
709	182	서비스제목최종수정일자
759	182	기안자(업무담당자)
780	182	이미지PAGE
995	182	데몬생명주기
1029	182	사용여부
1064	182	비고
224	182	STAT_CODE
416	182	이미지PAGE
437	182	폐간여부
456	182	등록구분
540	182	특수목록3
106	182	전자서명유효성검사실행전_파일
363	182	호
886	183	폐지여부
732	183	행번호
308	183	저장매체유형코드
639	183	수정여부
962	183	등록순번
977	183	비고
488	183	발행기관
321	183	최종수정자ID
591	183	구기록물보존기간
841	183	기관담당자(소장자)
870	183	생성일자
556	183	INSUGUBUN
513	183	인수인계_단위업무코드
616	183	육안검사자ID
709	183	분류체계구분ID
759	183	결제권자
780	183	작업대상
927	183	기관담당자
995	183	데몬프로세스명령어
1013	183	목적분류명
1029	183	비고
1064	183	최초등록자ID
416	184	작업대상
456	184	발간등록신청일련번호
106	184	전자서명유효성검사실행_파일
224	184	REAL_CNFM_REQ_DTM
363	184	통권
437	184	공개여부
886	184	이전기관코드
732	184	특수목록1
977	184	최초등록자ID
308	184	매체구분코드
488	184	호
962	184	처리타입
321	184	최종수정일시
841	184	기관전화번호
870	184	폐지일자
591	184	내용요약
556	185	INSUKIKWANCODE
616	185	오류유형
927	185	기관전화번호
513	185	인수인계_생산년도
709	185	분류체계ID
759	185	페이지시작
780	185	교체처리기준일
995	185	분주기코드
1013	185	목적분류단계
1029	185	최초등록자ID
1064	185	최초등록일시
133	185	품질검사순번 (FK)
416	185	교체처리기준일
437	185	공개제한부분표시
456	185	신청자명
106	185	전자서명유효성검사정상_파일
363	185	첨부파일ID
886	185	최종작업일자
297	185	SID (FK)
732	185	특수목록2
308	185	문서유형코드
639	185	건번호
962	185	기능분류코드
977	185	최초등록일시
488	185	통권
591	186	기록물형태
841	186	기관팩스번호
870	186	비고
556	186	INSUDANWICODE
616	186	오류내용
927	186	기관팩스번호
133	186	검수자ID (FK)
416	186	광디스크번호
456	186	주민번호(사용하지않음)
513	186	인수인계_기록물철등록일련번호
709	186	분류체계명
759	186	페이지끝
780	186	광디스크번호
995	186	시간주기코드
1013	186	정렬순서
1029	186	최초등록일시
1064	186	최종수정자ID
106	186	전자서명유효성검사오류_파일
363	186	첨부파일명
437	186	비공개기간시작일
199	186	BSID (FK)
886	186	기관유형코드
732	186	특수목록3
297	187	SID (FK)
977	187	최종수정자ID
308	187	비고
488	187	원저자명
639	187	건연결번호
962	187	기능분류명
841	187	전자우편
870	187	최초등록자ID
591	187	신구기록물구분
556	187	INSUPRODDATE
616	187	오류여부
927	187	전자우편
513	187	인수인계_권호수
709	187	기록물구분
759	187	쪽수
780	187	이미지시작페이지
995	187	일자주기코드
1013	187	기능분류등급구분
1029	187	최종수정자ID
1064	187	최종수정일시
133	187	이관기본목록SID
290	187	행위자유형코드
416	187	이미지시작페이지
437	187	비공개기간종료일
456	187	비밀번호
106	188	파일추출시작일
363	188	전송일시
199	188	DSID
886	188	공무원교육훈련기관여부
732	188	최초등록일시
308	188	최초등록자ID
639	188	첨부물구분기호
962	188	처리상태
977	188	최종수정일시
392	188	발행기관
488	188	공저자명
591	188	수정여부
841	188	주소
870	188	최초등록일시
556	188	INSUDOCYEARNO
616	188	바이러스감염일자
927	188	주소
133	189	이관세부목록SID
181	189	BSID (FK)
416	189	STYLELEVEL
456	189	이메일
709	189	기록물등록형태
759	189	공개구분
780	189	STYLELEVEL
995	189	월주기코드
1013	189	과제시작일시
1029	189	최종수정일시
106	189	파일추출종료일
159	189	기관코드
290	189	변경이력순번
363	189	기본목록SID
437	189	최초등록일시
886	189	기관장지급명
732	189	최초등록자ID
249	189	ID
308	189	최초등록일시
392	189	입수방법구분코드
488	189	역자명
639	189	편철순서
962	189	오류내용
841	189	비고
870	189	최종수정자ID
591	189	기록물관리번호
556	190	INSUVOLNO
199	190	BND_TITLE
616	190	1차바이러스감염여부
927	190	비고
181	190	DSID
709	190	기록물형태
759	190	공개제한부분표시
780	190	실제책페이지
995	190	주간주기코드
1013	190	과제종료일시
416	190	실제책페이지
437	190	최초등록자ID
456	190	신청자소속기관
106	190	파일추출평균소요시간
159	190	이관년도 (FK)
363	190	ALERO파일ID
886	190	소재지주소
732	190	최종수정일시
308	190	최종수정자ID
962	190	카테고리구분
392	191	저장장소코드
488	191	대등서명
133	191	이관첨부파일추출일련번호
591	191	건번호
841	191	기관명(폐쇄기관용)
870	191	최종수정일시
290	191	행위자명
199	191	EQ_TITLE
556	191	CONTEXTMEMO
616	191	1차바이러스치료여부
927	191	기관명(폐쇄기관용)
416	191	권
456	191	신청자소속부서
513	191	기록물철상태
709	191	기록물유형
759	191	전자기록물여부
780	191	권
995	191	프로세스설명
1013	191	삭제여부
1046	191	폐지여부
437	191	최종수정일시
106	191	파일추출총소요시간
159	191	이관기본목록SID (FK)
363	191	ALERO파일SEQ
886	191	비고
732	191	최종수정자ID
308	192	최종수정일시
392	192	간행물서고관리번호
488	192	부서명
639	192	등록일자
691	192	대량등록작업ID (FK)
962	192	업로드일시
181	192	BND_TITLE
841	192	컨버전여부
870	192	CONV_YN
133	192	품질검사 차수
290	192	행위자처리과코드
591	192	건연결번호
556	192	POSITION
199	192	SUB_TITLE
616	192	2차바이러스감염여부
927	192	작업구분
709	192	보존시설
759	192	수신자(발신자)
780	192	발행기관
995	192	데몬가동일시
1013	192	기관코드
1046	192	비고
416	192	발행기관
437	192	최종수정자ID
456	192	신청자전화번호
106	193	파일추출계획_철
159	193	이관세부목록SID (FK)
886	193	최초등록자ID
639	193	페이지시작
691	193	대량등록파일ID
962	193	최초등록자ID
392	193	SCAN여부
488	193	원서명
133	193	본문손상_보존포맷미변환건수
181	193	EQ_TITLE
591	193	첨부물구분기호
841	193	최초등록자ID
290	193	행위자처리과명
199	193	TMP_TITLE
556	193	BND_STAT
616	194	2차바이러스치료여부
927	194	최초등록자ID
416	194	호
456	194	신청자FAX번호
513	194	자료관코드
709	194	보존방법
759	194	발신자
780	194	호
995	194	데몬중지일시
1013	194	기관명
1046	194	최초등록자ID
106	194	파일추출실행전_철
886	194	최초등록일시
437	194	TEM P_PRT_NO
392	194	접수일자
488	194	총서명
639	194	페이지끝
962	194	최초등록일시
181	194	ETC_TITLE
841	194	최초등록일시
133	194	본문손상_파일손상건수
290	194	행위자직위직급명
591	194	편철순서
159	195	검수시작일자
556	195	MNGNO
199	195	PRSD_NAME
616	195	재변환구분코드
927	195	최초등록일시
709	195	보존기간
759	195	구기록물보존기간
780	195	통권
995	195	데몬실행여부
1013	195	과제인수여부
1046	195	최초등록일시
416	195	통권
437	195	삭제일자
456	195	신청기관
691	195	대량등록파일오류순번
106	195	파일추출실행_철
886	195	최종수정자ID
639	195	처리일자
962	195	최종수정자ID
392	196	상태
488	196	잡서명
133	196	본문손상_빈문서건수
181	196	TMP_TITLE
538	196	첨부파일ID
591	196	기록물건분류번호
841	196	최종수정자ID
290	196	검토의견
159	196	오류건수
199	196	PROD_DT
556	196	DHOUSECODE
616	196	재변환처리자ID
927	196	최종수정자ID
416	196	주기사항
456	196	신청부서
513	196	규격
709	196	보존기간만료년도
759	196	옛날지명
780	196	주기사항
995	196	비고
1013	196	과제연계일자
1046	196	최종수정자ID
437	196	삭제ID
691	196	오류시트번호
106	196	파일추출정상_철
886	196	최종수정일시
392	197	등록처리서번호
488	197	공개여부(US014)
639	197	구기록물등록
962	197	최종수정일시
181	197	PRSD_NAME
841	197	최종수정일시
133	197	본문손상_내용누락건수
290	197	요청상태값
591	197	등록일자
159	197	ERROR1010건수
556	197	ORGTYPE
199	197	PROD_LCTN
616	197	파일스토리지경로
927	197	최종수정일시
513	197	생산국명
709	197	보존기간(생산시)
759	197	번지
780	197	원저자명
995	197	최초등록자ID
1013	197	비고
1046	197	최종수정일시
416	197	원저자명
437	197	공개제한구분
456	197	신청전화번호
691	197	오류행번호
106	198	파일추출오류_철
538	198	첨부유형코드
886	198	변경일자
639	198	"취소,반송일자"
392	198	이송장소코드
488	198	공개제한부분표시
133	198	본문손상_그림손상건수
181	198	PROD_DT
591	198	페이지시작
331	198	SID (FK)
290	198	업무종류코드
315	198	SID (FK)
159	198	ERROR1011건수
199	198	DOC_DESC
556	198	KYUKYUK
616	199	백업위치(RG0562)
416	199	공저자명
456	199	신청FAX번호
513	199	수집처
709	199	생산시스템구분
759	199	생년월일1
780	199	공저자명
995	199	최초등록일시
1013	199	최초등록자ID
437	199	저작물이용동의
691	199	오류열번호
106	199	파일추출처리율
538	199	저장매체ID
886	199	기관명(폐쇄기관용)
270	199	1
392	199	FORSTORECD
488	199	비공개기간시작일
230	199	SID (FK)
181	199	PROD_LCTN
133	199	본문손상_변환오류건수
290	199	업무행위일시
591	199	페이지끝
315	200	SID (FK)
331	200	SID (FK)
159	200	ERROR1012건수
556	200	COUNTRYNAME
199	200	PRSN_NAME
616	200	백업서버종류
513	200	생산기관명
709	200	보존장소
759	200	생년월일2
780	200	역자명
995	200	최종수정자ID
1013	200	최초등록일시
416	200	역자명
437	200	비동의사유
456	200	간행물제목
691	200	오류항목명
106	200	파일추출비고
223	200	관계유형코드
538	200	비고
886	200	기관분류(RG094)
270	200	2
324	200	행번호
639	200	기록물유형
308	201	관계유형코드
392	201	손망실여부
488	201	비공개기간종료일
133	201	본문손상_암호입력건수
181	201	DOC_DESC
591	201	처리일자
290	201	의견일시
159	201	ERROR1013건수
199	201	PRSN_POS
556	201	SUJIPCHEO
616	201	백업파일키
416	201	유형구분코드2
456	201	발간주기
513	201	원본사본여부
709	201	기록물위치
759	201	사건명
780	201	유형구분코드2
995	201	최종수정일시
1013	201	최종수정자ID
691	201	대량등록파일오류유형코드
106	201	파일추출계획수량_파일
538	201	최초등록자ID
886	201	기관분류
223	202	변경이력순번
308	202	변경이력순번
392	202	대출여부
488	202	편저자명
639	202	접수확인
181	202	PRSN_NAME
133	202	본문손상_확장자이상건수
591	202	구기록물등록
159	202	ERROR1014건수
556	202	PRODKIKWANNAME
199	202	DTL_HMS
616	202	백업일시
513	202	판본구분
709	202	신구기록물구분
759	202	축척
780	202	대등서명
1013	202	최종수정일시
324	202	특수목록1
416	202	대등서명
456	202	용도
691	202	대량등록파일오류상세내용
106	203	파일추출실행전_파일
363	203	발간일자
538	203	최초등록일시
392	203	독촉장인쇄횟수
488	203	회차
133	203	관인서명_관인누락건수
181	203	PRSN_POS
591	203	취소반송일자
159	203	ERROR1015건수
199	203	DTL_LANG_GBN
556	203	WONBONGUBUN
223	204	관계ID
416	204	부서명
456	204	매체
513	204	권수
709	204	권호수
759	204	인명
780	204	부서명
324	204	특수목록2
691	204	최초등록자ID
106	204	파일추출실행_파일
308	204	관계ID
363	204	등록일자
538	204	최종수정자ID
392	204	작업자ID
435	204	발간등록신청일련번호
488	204	입수방법(RG030)
181	204	DTL_HMS
133	205	관인서명_관인중복건수
591	205	문서번호
644	205	1
159	205	ERROR1016건수
556	205	PANBONGGUBUN
199	205	DTL_FLD_GBN_A
223	205	관계설명
513	205	사용문자
709	205	권수
759	205	비고
780	205	원서명
324	205	특수목록3
416	205	원서명
456	205	총페이지
691	205	최초등록일시
106	205	파일추출정상_파일
308	205	관계설명
363	205	권
538	205	최종수정일시
392	206	웹카피
488	206	ISBN
133	206	관인서명_관인위치오류건수
181	206	DTL_LANG_GBN
591	206	기록물유형
644	206	2
159	206	ERROR1017건수
199	206	DTL_FLD_GBN_B
556	206	DOCQTY
416	206	총서명
456	206	생성일
513	206	재질
709	206	등록건수
759	206	원본사본여부
780	206	총서명
691	206	최종수정자ID
106	206	파일추출오류_파일
363	206	호
435	206	신청자명
538	206	ALERO 아카이브키
639	207	물건등록번호
181	207	DTL_FLD_GBN
488	207	ISSN
133	207	관인서명_서명누락건수
591	207	접수확인
159	207	ERROR1020건수
556	207	USECHAR
392	207	KDC
199	207	DTL_COLOR_GBN
709	207	쪽수
759	207	내용요약
780	207	잡서명
416	208	잡서명
456	208	폭(cm)
691	208	최종수정일시
106	208	1차바이러스검사시작일
435	208	주민번호(사용하지않음)
363	208	통권
639	208	공사구간
392	208	최초등록자ID
488	208	관련발행기관
133	208	비전자붙임_붙임별송건수
181	208	WRTR_NAME
591	208	인명
159	208	ERROR1021건수
199	208	PROD_DT_F
556	208	JAEJIL
416	209	공개여부
456	209	수정일
513	209	최초등록일시
709	209	내용요약
759	209	사용권한
780	209	공개여부
106	209	1차바이러스검사종료일
363	209	첨부파일ID
435	209	비밀번호
639	209	시작일자
181	209	COMPR_NAME
392	209	최종수정일시
488	209	관련발행기관2
133	210	전자붙임_붙임누락건수
591	210	주민번호1
159	210	ERROR1022건수
556	210	BOKWANBOXNO
199	210	PROD_DT_T
1013	210	일련번호
1047	210	우편번호
1064	210	직종코드
513	210	최초등록자ID
709	210	비고
759	210	처리기관코드
780	210	공개제한부분표시
416	210	공개제한부분표시
456	210	높이(cm)
106	210	1차바이러스검사평균소요시간
435	210	이메일
363	210	첨부파일명
977	210	분류코드
251	210	ID
962	210	분류코드 (FK)
639	211	종료일자
392	211	최종수정자ID
488	211	기증자
133	211	본문기타_비공개구분누락건수
181	211	SNGR_NAME
591	211	주민번호2
159	211	ERROR1023건수
199	211	MEDIA_SOUND_GBN
556	211	FST_REG_DT
1047	211	우편번호순번
416	211	비공개기간시작일
456	211	수정자
709	211	내용요약정보
759	211	구기록물생산기관명
780	211	비공개기간시작일
106	211	1차바이러스검사총소요시간
363	211	전송일시
435	211	신청자소속기관
962	212	코드식별
1013	212	목록제목
1064	212	직종명
181	212	PLAY_SPEED_GBN
392	212	최초등록일시
488	212	판차사항
628	212	(RG)
133	212	본문기타건수
591	212	물건등록번호
159	212	ERROR1030건수
556	212	FST_REGR_ID
199	212	PIC_GBN
977	212	코드명
513	212	카드명코드
709	212	인수자
759	212	특수기록물
780	212	비공개기간종료일
416	213	비공개기간종료일
456	213	내용요약
106	213	1차바이러스검사계획_철
435	213	신청자소속부서
363	213	ALERO파일ID
995	213	파일명
1013	213	요청내용
1047	213	시도명
1064	213	비고
488	213	기록물형태(RG001)
133	213	붙임손상_보존포맷미변환건수
181	213	DTL_STND_GBN
591	213	공사구간
159	214	ERROR1040건수
199	214	DTL_STND_GBN
556	214	DOCBUNRYUNO
977	214	코드명2
416	214	편저자명
456	214	삭제일
513	214	도면규격코드
709	214	인계자
759	214	신구기록물구분
780	214	편저자명
962	214	코드순서
106	214	1차바이러스검사실행전_철
363	214	ALERO파일SEQ
435	214	신청자전화번호
271	214	ID
639	214	규격
1013	214	등록ID
1047	214	시군구명
1064	214	최초등록자ID
181	214	ORGAN_NAME
488	214	발행국
133	215	붙임손상_파일손상건수
591	215	시작일자
159	215	ERROR1090건수
556	215	CARDNAMECODE
837	215	통합기관코드 (FK)
885	215	기관코드 (FK)
898	215	기관코드 (FK)
918	215	평가년도
199	215	ORGAN_NAME
977	215	시스템구분
513	215	비고
709	215	원본사본여부
759	215	키워드(인명)
780	215	회차
962	215	코드명
416	215	회차
456	215	요청및건의사항
298	215	SID (FK)
106	215	1차바이러스검사실행_철
435	215	신청자FAX번호
363	215	파일사용여부
273	215	ID
639	216	재질
1013	216	등록일자
1047	216	읍면동및다량배달처명
1064	216	최초등록일시
488	216	KEYWORD1
863	216	통합기관코드
133	216	붙임손상_암호입력건수
181	216	RMRK
591	216	종료일자
621	216	SID
885	216	평가년도
898	216	평가년도 (FK)
918	216	항목코드
159	216	ERROR1091건수
199	216	RMRK
556	216	DOMYUNCODE
977	216	코드구분
416	216	WEBCOPY
456	216	사용구분
513	216	구기록물문서번호
709	216	원문서번호
759	216	키워드(기관단체명)
780	216	WEBCOPY
962	216	코드명2
298	216	SID (FK)
106	217	1차바이러스검사정상_철
435	217	신청기관
230	217	SID (FK)
837	217	소장처코드
639	217	재질출처
1013	217	적용상태
1047	217	비고
1064	217	최종수정자ID
181	217	OPEN_YN
488	217	KEYWORD2
863	217	이전통합기관코드
621	217	SID
133	217	붙임손상_빈문서건수
591	217	옛날지명
159	217	ERROR2010건수
556	217	REMARK
898	217	항목코드 (FK)
199	217	CON_FORM_GBN
291	217	변경이력순번
977	217	코드설명
513	217	서고관리번호
709	217	구MF번호
759	217	언어
780	217	WEB_DOCNO
962	217	코드TAG1
223	218	행위자유형코드
416	218	WEB_DOCNO
456	218	비동의사유
106	218	1차바이러스검사오류_철
435	218	신청부서
837	218	소장처명
885	218	순위
918	218	항목순번
639	218	직업
1013	218	적용사유
1047	218	최초등록자ID
1064	218	최종수정일시
488	218	KEYWORD3
133	218	붙임손상_내용누락건수
181	218	RJCT_YN
591	218	번지
620	218	(
626	218	)
159	219	ERROR2011건수
199	219	OPEN_YN
556	219	OLDDOCNO
977	219	비고
223	219	변경이력순번
321	219	이관년도
416	219	OD_MOVED
456	219	공개구분
709	219	기증자
759	219	저작권
780	219	OD_MOVED
962	219	코드TAG2
543	219	ID
106	219	1차바이러스검사치료_철
435	219	신청전화번호
863	219	최초등록자ID
267	219	SIZE
837	219	소장처구분(PL001)
885	219	포상여부
898	219	조사내용
918	219	항목명
639	219	판결년월일
1013	219	적용일자
1047	219	최초등록일시
181	220	RJCT_RSN
291	220	변경전생산등록일자
488	220	출판사
133	220	붙임손상_그림손상건수
591	220	규격
159	220	ERROR2012건수
538	220	첨부파일순번
556	220	SGMNGNO
199	220	RJCT_YN
977	220	최초등록자ID
321	220	이관일련번호
513	220	내용요약정보
709	220	생산국명
759	220	임시세부목록삭제일시
780	220	MTYPE
962	220	시스템구분
416	220	MTYPE
456	220	생성자
106	220	1차바이러스검사치료불가_철
435	220	신청FAX번호
863	220	최초등록일시
837	220	소장국가(RG025)
885	220	포상명
898	220	비고
918	220	삭제일시
1013	221	쿼리내용
1047	221	최종수정자ID
291	221	변경후생산등록일자
488	221	최초등록일시
133	221	붙임손상_확장자이상건수
181	221	MAM_PATH
223	221	행위자명
591	221	재질
159	221	ERROR2013건수
199	221	RJCT_RSN
556	221	ARCH_PLACE
977	221	최초등록일시
321	221	이관파일순번
416	221	MTYPE_EXT
456	221	비공개사유및부분공개범위(내용)
709	221	생산국가
759	221	임시세부목록삭제자ID
780	221	MTYPE_EXT
962	221	코드구분
106	222	1차바이러스검사처리율
435	222	간행물제목
863	222	최종수정자ID
538	222	원문FILE명
837	222	소장기관연혁
885	222	비고
898	222	최초등록자ID
918	222	최초등록자ID
1013	222	쿼리등록일자
1047	222	최종수정일시
181	222	SUB_TITLE
291	222	변경전기록물제목
488	222	최초등록자ID
133	222	붙임손상_변환오류건수
223	222	행위자처리과코드
591	222	재질출처
159	222	ERROR2014건수
556	222	DISCRIPTION
691	222	대량등록파일ID (FK)
199	222	MAM_PATH
513	223	시작회차_국무회의록전용
709	223	업무담당자
759	223	최초등록자ID
780	223	입수구분
962	223	코드설명
977	223	최종수정자ID
416	223	입수구분
456	223	비동의시작일
106	223	1차바이러스검사비고
435	223	발간주기
863	223	최종수정일시
663	223	SID (FK)
837	223	소장기관설명
885	223	최초등록자ID
898	223	최초등록일시
918	223	최초등록일시
538	223	저장파일명
291	223	변경후기록물제목
488	223	최종수정일시
133	223	붙임기타건수
181	223	MAMDSID
223	223	행위자처리과명
321	223	자료관코드
591	223	직업
691	223	대량등록작업ID (FK)
159	224	ERROR2015건수
199	224	ETC_TITLE
556	224	OPN_YN
977	224	최종수정일시
416	224	처무구분
456	224	비동의종료일
513	224	종료회차_국무회의록전용
709	224	콜렉션명
759	224	최초등록일시
780	224	처무구분
962	224	비고
106	224	1차바이러스검사계획수량_파일
435	224	용도
663	224	SID (FK)
538	224	파일유형코드
837	224	담당자
885	224	최초등록일시
898	224	최종수정자ID
918	224	최종수정자ID
639	224	분할지번
291	225	변경전쪽수
321	225	파일명
488	225	최종수정자ID
133	225	최초등록자ID
223	225	행위자직위직급명
591	225	판결년월일
159	225	ERROR2016건수
362	225	작업요청번호
556	225	FRCHASU
199	225	MAMDSID
513	225	구기록물처리과코드
709	225	기록언어명
759	225	최종수정자ID
780	225	중요등급
962	225	최초등록자ID
416	225	중요등급
456	225	삭제자
658	225	변경이력순번
106	225	1차바이러스검사실행전_파일
435	225	매체
691	226	대량등록파일명
837	226	참조기관코드
885	226	최종수정자ID
898	226	최종수정일시
918	226	최종수정일시
538	226	첨부파일용량
639	226	소유자주소
291	226	변경후쪽수
488	226	총독부간행물공개제한유형
133	226	최종수정일시
223	226	검토의견
321	226	접수방법
591	226	사건명
159	226	ERROR2017건수
362	226	발간등록번호별기본목록순서
556	226	TOCHASU
416	226	FLAG
456	226	발간등록번호
709	226	출처구분
759	226	최종수정일시
780	226	FLAG
962	226	최초등록일시
106	227	1차바이러스검사실행_파일
435	227	총페이지
538	227	첨부삭제여부
691	227	대량등록원본파일명
837	227	소장처전화번호
885	227	최종수정일시
639	227	입력원도
291	227	변경전결재권자
321	227	처리구분
617	227	STATS
133	227	최종수정자ID
223	227	담당업무
591	227	총독부지목
658	227	변경전생산등록일자
159	227	ERROR2090건수
556	227	OLDKIKWANCODE
513	228	기록물등록형태
709	228	수집처
780	228	ISBN
962	228	최종수정자ID
367	228	ID
416	228	ISBN
456	228	처리상태
106	228	1차바이러스검사정상_파일
435	228	생성일
691	228	대량등록파일경로
837	228	소장처팩스번호
538	228	저장매체ID
639	228	비고
291	228	변경후결재권자
133	228	FST_REGR_ID
223	228	업무종류코드
321	228	접수일자
591	228	총독부지번
658	228	변경후생산등록일자
159	229	최초등록일시
362	229	첨부파일명
556	229	ARCAVETYPE
416	229	ISSN
456	229	신청일자
513	229	구소장처
709	229	매체등록일련번호
780	229	ISSN
962	229	최종수정일시
106	229	1차바이러스검사오류_파일
435	229	폭(cm)
538	229	첨부파일위치
691	229	대량등록파일처리상태코드
837	229	소장처전자우편
639	229	결재여부
291	230	변경전기안자
321	230	처리일자
996	230	기관코드
223	230	업무행위일시
591	230	분할지번
658	230	변경전기록물제목
159	230	최초등록자정보
362	230	ALERO파일SEQ
556	230	ARCAVEPRODTYPE
513	230	유형
709	230	민간기록물_선정구분
780	230	관련발행기관
416	230	관련발행기관
456	230	관리자답변
106	230	1차바이러스검사치료_파일
435	230	수정일
691	231	대량등록파일구분코드
837	231	소장처주소
538	231	비고
639	231	원본사본여부
291	231	변경후기안자
591	231	소유자주소
658	231	변경후기록물제목
159	231	최종수정일시
556	231	OLDSOJANGCHEO
416	231	관련발행기관2
456	231	상위발간번호
513	231	지질
709	231	사용권한
780	231	관련발행기관2
106	232	1차바이러스검사치료불가_파일
435	232	높이(cm)
247	232	1
538	232	최초등록자ID
691	232	대량등록파일초기화여부
837	232	비고
639	232	수집상태
291	232	변경전시행일자
591	232	입력원도
658	232	변경전쪽수
159	232	최종수정자정보
556	232	UHEUNG
513	233	지기
709	233	추가보관매체정보
780	233	기증자
416	233	기증자
456	233	이메일신청구분
733	233	임시기본목록SID
106	233	2차바이러스검사시작일
435	233	수정자
996	233	기관차수(RG058)
691	233	최초등록자ID
837	233	최초등록자ID
247	233	2
538	233	최초등록일시
639	233	발신자
291	233	변경후시행일자
591	233	비고
658	233	변경후쪽수
159	234	이관일련번호 (FK)
556	234	GIGIL
416	234	판차사항
456	234	이메일발송완료구분
513	234	기증자
709	234	구기록물문서번호
733	234	분류등록일련번호
780	234	판차사항
106	234	2차바이러스검사종료일
435	234	내용요약
996	234	생산기관차수
538	234	최종수정자ID
691	234	최초등록일시
837	234	최초등록일시
291	235	변경전수신자
591	235	결재여부
658	235	변경전결재권자
556	235	JIGI
513	235	이관기관
709	235	입수일자
780	235	기록물형태
456	235	변경사유:제목변경
106	235	2차바이러스검사평균소요시간
435	235	삭제일
996	235	WAS서버주소
691	236	최종수정자ID
837	236	최종수정자ID
538	236	최종수정일시
639	236	첨부파일명칭
291	236	변경후수신자
591	236	원본사본여부
658	236	변경후결재권자
733	236	사용기간_시작
556	236	KIJUNGJA
416	236	원저자명1
456	236	변경사유:발간주기변경
513	236	입수일자
709	236	행정박물 유형구분
780	236	원저자명1
106	237	2차바이러스검사총소요시간
435	237	요청및건의사항
996	237	WAS서버포트
691	237	최종수정일시
837	237	최종수정일시
639	237	파일연결연번호
291	237	변경일자
486	237	기본목록SID
591	237	수집상태
658	237	변경전기안자
733	237	사용기간_끝
556	237	INSUKIKWAN
513	238	인수일자
709	238	재질
780	238	발행국
416	238	발행국
456	238	변경사유:발행기관변경
106	238	2차바이러스검사계획_철
435	238	사용구분
996	238	DB서버주소
837	238	신통합출처코드
639	238	파일크기
291	238	변경사유
486	238	목차주기사항구분
591	238	발신자
658	238	변경후기안자
733	238	폐기년도
230	239	SID (FK)
556	239	ACQDATE
416	239	키워드1
456	239	변경사유:기타
513	239	구문서번호
616	239	문서보존파일ID
709	239	전자파일개수
780	239	KEYWORD1
106	239	2차바이러스검사실행전_철
435	239	비동의사유
996	239	DB서버포트
269	239	1
837	239	NEW소장처구분
181	240	이관년도
639	240	파일확장자
223	240	변경이력순번
291	240	변경자명
486	240	라인번호
591	240	원어명
658	240	변경전시행일자
733	240	폐기공고번호
556	240	INSUDATE
513	240	구MF번호
709	240	임시기본목록삭제일시
780	240	KEYWORD2
416	240	키워드2
456	240	변경사유:기타의경우서술
106	240	2차바이러스검사실행_철
435	240	공개구분
996	240	DB서비스명
837	241	사용여부
269	241	2
181	241	이관일련번호
639	241	검사여부
591	241	첨부파일명칭
658	241	변경후시행일자
733	241	수령자
556	241	FILESNO_ORI
621	241	SID (FK)
416	241	키워드3
456	241	전송여부
513	241	언어
709	241	임시기본목록삭제자ID
780	241	KEYWORD3
106	242	2차바이러스검사정상_철
223	242	변경전기록물제목
435	242	생성자
486	242	내용
996	242	최상위기관코드
1018	242	대분류구분
1029	242	외국명코드
1047	242	직위코드
1061	242	직종세분류코드
639	242	영구보존포맷변환여부
977	242	기관코드 (FK)
591	242	파일연결연번호
658	242	변경전수신자
733	242	증정인
133	242	변환일시
556	242	MFSNO
621	242	SID (FK)
709	243	최초등록자ID
780	243	출판사
456	243	최종전송일자
106	243	2차바이러스검사오류_철
181	243	규격검사시작일
223	243	변경후기록물제목
435	243	비공개사유및부분공개범위(내용)
486	243	페이지번호
996	243	이전기관코드
1018	243	소분류구분
159	243	이관년도
639	243	문서영구보존포맷변환여부
591	243	파일크기
616	243	파일크기
658	243	변경후수신자
733	243	수령경위
963	243	보존소순번
977	243	최상위기관코드
303	244	(RG)
556	244	LANGUAGE
1029	244	국가명2
1047	244	직위명
1061	244	직종코드명
416	244	최초등록일시
456	244	최종적용일자
709	244	최초등록일시
780	244	이전첨부파일ID
181	244	규격검사종료일
106	244	2차바이러스검사치료_철
223	244	변경전기록물형태
435	244	비동의시작일
486	244	실제페이지번호
996	244	생성일자
133	244	파일구분
639	245	기록물가로
159	245	기관번호
616	245	스토리지구분
591	245	파일확장자
658	245	변경일자
733	245	수령일자
556	245	NATIONCODE
1018	245	시스템구분
1029	245	국가명3
1047	245	비고
1061	245	직종세분류명
513	245	콜렉션명
709	245	최종수정자ID
780	245	첨부파일ID
416	245	최초등록자ID
456	245	공개제한구분
106	245	2차바이러스검사치료불가_철
181	245	전자서명유효성검사시작일
223	245	변경후기록물형태
435	245	비동의종료일
486	245	최초등록일시
996	245	폐지일자
963	246	한글보존소명
249	246	ID
271	246	ID
133	246	기본목록SID
159	246	접수번호
639	246	기록물세로
591	246	검사여부
616	246	파일위치
658	246	변경사유
733	246	재질1
556	246	ORI_JEMOK
1018	246	한글이름
1029	246	한글국가명
1047	246	최초등록자ID
1061	246	비고
416	246	최종수정일시
513	246	인계자
709	246	최종수정일시
780	246	문서보존포맷변환여부
181	247	전자서명유효성검사종료일
106	247	2차바이러스검사처리율
223	247	변경일자
435	247	삭제자
486	247	최초등록자ID
977	247	폐지여부
996	247	폐지여부
963	247	영문보존소명
133	247	세부목록SID
639	247	기록물높이
616	247	변환자ID
591	247	영구보존포맷변환여부
658	247	변경자명
733	247	재질2
556	247	TITLE_COL
1018	247	영문이름
1029	247	영문국가명
1047	247	최초등록일시
1061	247	최초등록자ID
299	248	SID
513	248	인수자
780	248	PDF파일ID
416	248	최종수정자ID
106	248	2차바이러스검사비고
159	248	통계집계일시
181	248	파일추출시작일
223	248	변경사유
486	248	최종수정일시
996	248	비고
977	248	비고
963	248	비고
253	248	SID
133	248	작업ID
639	248	열람범위
591	249	문서영구보존포맷변환여부
616	249	변환일자
733	249	선물가액
299	249	SID
556	249	TAKEOVER_NM
1018	249	등록일시
1029	249	비고
1047	249	최종수정자ID
1061	249	최초등록일시
416	249	이전첨부파일ID
513	249	대통령명코드
780	249	문서보존포맷변환일자
181	249	파일추출종료일
106	249	2차바이러스검사계획수량_파일
159	249	철카운트
223	249	변경자명
435	249	처리상태
486	249	최종수정자ID
977	249	최초등록자ID
996	249	최초등록자ID
963	249	최초등록자ID
271	249	ID
133	249	변환결과
639	250	기록물건상세유형코드
616	250	최초등록자ID
591	250	기록물가로
733	250	사진이미지ID
556	250	INSUJA
1018	250	사용유무
1029	250	최초등록자ID
1047	250	최종수정일시
1061	250	최종수정자ID
780	250	문서보존포맷변환오류내용
416	250	첨부파일ID
106	250	2차바이러스검사실행전_파일
159	250	건카운트
181	250	1차바이러스검사시작일
435	250	신청일자
996	250	최초등록일시
977	251	최초등록일시
963	251	최초등록일시
133	251	최초등록자ID
639	251	부제목
616	251	최초등록일시
591	251	기록물세로
733	251	폐기일자
556	251	PREZ_CD
1018	251	관계1
1029	251	최초등록일시
1061	251	최종수정일시
416	252	문서보존포맷변환여부
513	252	수집년도
780	252	처리기관_부서명
181	252	1차바이러스검사종료일
106	252	2차바이러스검사실행_파일
159	252	최초등록자ID
435	252	관리자답변
977	252	최종수정자ID
996	252	최종수정자ID
963	252	최종수정자ID
133	252	최초등록일시
639	252	정정제목
616	252	최종수정자ID
591	252	기록물높이
733	252	가로
556	252	PREZ_NM
1018	252	관계2
1029	252	최종수정자ID
513	253	출처구분
780	253	납본일
416	253	PDF파일ID
106	253	2차바이러스검사정상_파일
159	253	최초등록일시
181	253	2차바이러스검사시작일
435	253	상위발간번호
996	253	최종수정일시
977	253	최종수정일시
963	253	최종수정일시
247	253	ID_RG
133	253	최종수정자ID
639	253	부분공개사유
616	254	최종수정일시
591	254	열람범위
733	254	세로
556	254	INSUYEAR
1018	254	순번
1029	254	최종수정일시
416	254	문서보존포맷변환일자
513	254	상자가로
780	254	납본부수
181	254	2차바이러스검사종료일
106	254	2차바이러스검사오류_파일
159	254	최종수정자ID
435	254	이메일신청구분
996	254	연계서버주소
249	254	ID
133	255	최종수정일시
639	255	공개예정일시
591	255	기록물건상세유형코드
733	255	높이
556	255	CHULCHEUGUBUN
1018	255	관계3
513	255	상자세로
780	255	납본처리부서
416	255	문서보존포맷변환오류내용
106	255	2차바이러스검사치료_파일
159	255	최종수정일시
181	255	바이러스치료시작일
435	255	이메일발송완료구분
996	255	연계서버포트
639	256	건내용정보
591	256	부제목
733	256	최대지름
556	256	BOXWSIZE
416	257	처리기관_부서명
513	257	상자높이
780	257	납본기타사항(비고)
181	257	바이러스종료시작일
106	257	2차바이러스검사치료불가_파일
159	257	전체기관명
435	257	변경사유:제목변경
996	257	폐쇄망여부
639	257	매체포맷
591	257	정정제목
733	257	최초등록자ID
556	258	BOXLSIZE
513	258	상자무게
780	258	납본보완사항체크
416	258	납본일
106	258	바이러스검사시작일
159	258	본문손상보존포맷미변환건수
181	258	기관코드
435	258	변경사유:발간주기변경
996	258	연계데몬종류(CM088)
639	258	저장매체
199	259	이관년도
591	259	부분공개사유
733	259	최초등록일시
292	259	1
556	259	BOXHSIZE
416	259	납본부수
513	259	보존봉투규격
780	259	납본보완사항기타
181	259	네오데이터규격검사시작일
106	259	바이러스검사종료일
159	259	본문손상파일손상건수
435	259	변경사유:발행기관변경
996	259	대용량송수신모듈적용여부(03)
639	260	본문첨부화일수
199	260	이관일련번호
591	260	공개예정일시
733	260	최종수정자ID
556	260	BOXWEIGHT
292	260	1
513	260	보존봉투수량
780	260	최초등록일시
416	260	납본처리부서
106	261	바이러스검사평균소요시간
159	261	본문손상빈문서건수
181	261	네오데이터규격검사종료일
435	261	변경사유:기타
996	261	대용량송수신모듈서버포트
639	261	보안분류코드
199	261	이관철ID(RG)
591	261	건내용정보
733	261	최종수정일시
292	261	2
556	261	ENVELOPE_STANDARD
416	262	납본기타사항_비고
513	262	행정박물사용용도
780	262	최초등록자ID
181	262	알레로등록시작일
106	262	바이러스검사총소요시간
159	262	본문손상내용누락건수
435	262	변경사유:기타의경우서술
996	262	대용량송수신모듈서버주소
639	262	보안분류사유
227	262	ID_RG
591	262	매체포맷
556	263	ENVELOPE_CNT
292	263	2
513	263	행정박물유형구분
780	263	최종수정일시
416	263	납본보완사항체크
106	263	바이러스검사계획_철
159	263	본문손상그림손상건수
181	263	알레로등록종료일
435	263	전송여부
996	263	통신상태
199	263	규격검사시작일
133	264	일일할당순번
639	264	최초등록일시
591	264	저장매체
556	264	HANGJONG_USERSERVICE
224	264	접수일자
416	264	납본보완사항기타
513	264	전시여부
780	264	최종수정자ID
181	264	기계검수시작일시
106	264	바이러스검사실행_철
159	264	본문손상변환오류건수
435	264	최종전송일자
996	264	통신체크일시
199	264	규격검사종료일
133	265	검수자ID
639	265	최초등록자ID
591	265	본문첨부화일수
556	265	HANGJONG_TYPEGUBUN
224	265	인계자소속
513	265	수집상태
106	266	바이러스검사정상_철
159	266	관인서명관인누락건수
181	266	기계검수종료일시
435	266	최종적용일자
199	266	전자서명유효성검사시작일
279	266	ID
639	266	최종수정일시
591	266	보안분류코드
556	266	DISPLAYGUBUN
224	267	인계자직위
513	267	분류체계구분ID
133	267	일일할당량배정일자
106	267	바이러스검사오류_철
159	267	관인서명관인중복건수
435	267	공개제한구분
199	267	전자서명유효성검사종료일
245	267	2
639	267	최종수정자ID
591	267	보안분류사유
556	268	COLLECT_STATUS
620	268	SID (FK)
224	268	인계자이름
513	268	분류체계명
106	268	바이러스검사치료불가_철
133	268	일일할당량
159	268	관인서명관인위치오류건수
435	268	KIKWANCODE
199	268	파일추출시작일
245	268	2
639	269	목록공개
591	269	최초등록일시
294	269	NEO
620	269	SID (FK)
556	269	CLSS_DIV_ID
224	269	인수자소속
513	269	기록물반출우선순위
133	269	최초등록자ID
106	269	바이러스검사처리율
159	269	관인서명서명누락건수
435	269	TDEPTCD
199	269	파일추출종료일
245	270	2
252	270	ID
639	270	최종공개재분류일시
616	270	주요인물일련번호
591	270	최초등록자ID
556	270	CLSS_NM
292	270	NEO
224	270	인수자직위
106	271	바이러스검사비고
133	271	최종수정일시
159	271	비전자붙임별송건수
199	271	1차바이러스검사시작일
639	271	대등제목
591	271	최종수정일시
292	271	NEO
556	271	PRIORITY_TAKEOUT
224	272	인수자이름
513	272	폐기상태코드
133	272	최종수정자ID
106	272	바이러스검사총수량_파일
159	272	전자붙임누락건수
265	272	이관년도
616	272	위치
199	272	1차바이러스검사종료일
639	272	기타제목
591	272	최종수정자ID
556	273	SCAN_FSH
224	273	인수일자
513	273	MF촬영완료여부
106	273	바이러스검사실행_파일
133	273	FST_REGR_ID
159	273	본문손상비공개구분누락건수
265	273	이관일련번호
199	273	2차바이러스검사시작일
639	274	제목(띄어쓰기)
591	274	목록공개
292	274	1
556	274	DISUSE_COND_CD
106	274	바이러스검사정상_파일
159	274	본문손상기타건수
265	274	기록관코드
616	274	직위
199	275	2차바이러스검사종료일
639	275	서비스용제목(기통검)
591	275	최종공개재분류일시
556	275	MF_FSH
292	275	1
301	275	2
224	275	통보상태구분
106	276	바이러스검사오류_파일
159	276	붙임손상보존포맷미변환건수
265	276	철분류번호
616	276	최초등록자ID
199	276	바이러스치료시작일
639	276	서비스제목적용여부(1:적용)
591	276	대등제목
556	276	PRESERVE_END_YEAR
224	277	통보방법
513	277	기록매체
106	277	바이러스검사치료불가_파일
159	277	붙임손상파일손상건수
265	277	건분류번호
616	277	최초등록일시
199	277	바이러스종료시작일
258	277	ID
639	277	서비스제목최종수정일자
193	277	(RG)
591	278	기타제목
556	278	RECLASS_YEAR
292	278	NEO
224	278	생산기록물기관상태구분_RG057
106	278	네오데이터규격검사시작일
159	278	붙임손상암호입력건수
616	278	최종수정자ID
199	278	기관코드
639	279	서비스제목최종수정자ID
887	279	세부메뉴접근권한(CM)
591	279	제목(띄어쓰기)
265	279	파일명
556	279	MEDIUMTYPE
224	279	접수처시스템구분
513	279	과제구분코드
106	279	네오데이터규격검사종료일
159	279	붙임손상빈문서건수
616	279	최종수정일시
199	280	네오데이터규격검사시작일
639	280	접수일자
906	280	프로그램목록(CM)
591	280	서비스용제목(기통검)
265	280	첨부파일일련번호
556	280	RECORD_CENTER_FLAG
292	280	DOC_USER_NM
224	280	오류내역
513	280	기능별분류체계경로명
106	281	네오데이터규격검사평균소요시간
159	281	붙임손상내용누락건수
895	281	(FK)
482	281	저작권SID
199	281	네오데이터규격검사종료일
971	281	기본목록SID
992	281	기본목록SID
1027	281	기본목록SID
639	281	SCALE
1015	281	SID
591	281	서비스제목적용여부
265	281	문서관계
556	281	BISPJT_DIV_CD
224	282	헤더파일명
188	282	SID
513	282	목적별분류체계경로명
133	282	오류수신일련번호
909	282	ID
106	282	네오데이터규격검사총소요시간
159	282	붙임손상그림손상건수
840	282	사용자(SM)
890	282	ID (FK)
199	282	알레로등록시작일
971	282	순번
1010	282	순번
1027	282	세부목록SID
639	282	사용권한
591	283	서비스제목최종수정일자
265	283	육안검사자아이디
556	283	BIS_CLSS_PATH_NM
482	283	기록물SID
185	283	SID
224	283	바이러스폴더
447	283	통합기록분류코드
513	283	부제목
992	283	처리기관코드
106	283	네오데이터규격검사계획_철
159	283	붙임손상확장자이상건수
414	283	분류등록일련번호
199	283	알레로등록종료일
1027	283	순번
639	284	보존분류오류여부
133	284	기관코드
591	284	서비스제목최종수정자ID
845	284	ID
912	284	ID
265	284	육안검사일자
556	284	PJT_CLSS_PATH_NM
890	284	FLAG
224	284	최초등록일시
482	284	저작물 제목
921	284	메뉴목록(CM)
513	284	정정제목
971	284	액션(CUD)
992	284	구기록물생산기관명
106	284	네오데이터규격검사실행전_철
159	284	붙임손상변환오류건수
250	285	(RG)
199	285	기계검수시작일시
869	285	사용자권한(SM)
639	285	오류내역
376	285	등록일련번호
447	285	행정박물분류코드
591	285	접수일자
133	285	이관회차
265	285	오류유형코드
414	285	분류코드
556	285	SUB_TTL
297	285	ID
890	285	FLAG
482	285	저작권등록번호
224	285	최초등록자ID
513	285	기타기록물유형코드
971	285	기록물구분
992	285	생산년도
1010	285	변경자ID
1027	285	액션
106	286	네오데이터규격검사실행_철
159	286	붙임손상기타건수
199	286	기계검수종료일시
435	286	SID
447	286	보유국가코드
639	286	비전자 실물없는오류
186	286	ID
924	286	ID
133	286	오류파일명
591	286	SCALE
265	287	오류내용
414	287	분류명
556	287	UP_TTL
890	287	FLAG
224	287	최종수정일시
482	287	저작자 이름
873	287	ID (FK)
513	287	보존기간책정사유명
971	287	보존시설
992	287	기록물철제목
1010	287	변경자이름
1027	287	공개구분
623	287	SID (FK)
106	287	네오데이터규격검사정상_철
376	287	제목
639	287	검수담당자ID
447	287	보존소코드
591	288	사용권한
711	288	기록물 철SID
701	288	SID (FK)
133	288	기록물식별자
265	288	오류여부
414	288	분류단계
430	288	최초등록자ID
556	288	ETC_DOC_TYPE
910	288	ID
482	288	저작물 유형-RG108
890	288	FLAG
224	288	최종수정자ID
513	288	보안분류코드
971	288	기록물철제목
992	288	기록물형태_RG001
1010	288	변경자IP
1027	288	사건명
876	288	(FK)
623	288	SID (FK)
106	288	네오데이터규격검사오류_철
376	288	부제목
925	288	ID
447	289	행정박물유형코드
639	289	생산일자미상여부
186	289	ID
711	289	기록물 건SID
701	289	SID (FK)
133	289	라인번호
265	289	파일추출그룹번호
414	289	주요설명
430	289	최초등록일시
556	289	KIKAN_FIX_RSN
224	289	접수일자_18312
482	289	원저작물 제목
618	289	행번호
513	289	보안분류사유_RM정보
971	289	기록물형태
992	289	종료년도
1027	289	제목
926	289	ID (FK)
106	290	네오데이터규격검사처리율
376	290	생산년도
363	290	관련자구분
639	290	미상생산일자
447	290	행정박물재질코드
591	290	생산일자미상여부
711	290	일련번호
133	290	오류내용
265	290	NEO추출문서구분명
414	290	사용여부
430	290	최종수정자ID
556	290	SECU_CLSS_CD
295	290	ID
482	290	원저작자 이름
893	290	ID
224	290	접수방법
389	290	건제목
513	290	열람범위
971	290	생산년도
992	290	등록건수
1027	290	기록물관리번호
106	291	네오데이터규격검사비고
376	291	종료년도
733	291	업로드일련번호
363	291	관련자명
447	291	행정박물사용자
618	291	특수목록1
639	291	HP_SERVICE_YN
186	291	ID
875	291	ID
133	291	오류코드
591	291	미상생산일자
298	292	ID
914	292	ID
265	292	기계검수실시여부
430	292	최종등록일시
556	292	SECU_CLSS_RSN
224	292	통보일자
389	292	부제목
482	292	창작년월일
513	292	인수인계일자
971	292	종료년도
992	292	기록물관리번호
1027	292	기록물유형
106	292	네오데이터규격검사총수량_파일
159	292	이관년도
376	292	생산기관
711	292	언어코드(SV027)
733	292	오류일련번호
363	292	최초등록자ID
618	292	특수목록2
639	292	삭제여부
447	293	행정박물분류명
591	293	DEL_YN
133	293	최초등록일시
265	293	기계검수실시일자
414	293	최초등록자ID
556	293	READ_RANGE
909	293	ID (FK)
482	293	공표년월일
893	293	ID
224	293	기록물가등록번호_이관년도
322	293	이관기본목록SID
389	293	구성자료건수
513	293	단위업무코드-삭제대상
992	293	기록물유형_RG008
1027	293	커맨드명
106	293	네오데이터규격검사실행전_파일
159	293	자료관코드
376	293	이관기관
711	293	최초등록자ID
701	293	(
706	293	)
363	294	최초등록일시
447	294	시대분야
618	294	특수목록3
639	294	MAM건ID
875	294	ID
133	294	최초등록자ID
591	294	ISERROR
265	294	기계검수오류여부
414	294	최초등록일시
556	294	INSUPROD_DT
224	294	기록물가등록번호_이관일련번호
322	294	인계인수순번
389	294	제한사항
482	294	권리보호기산년도
733	294	오류라인수
513	294	기록물단위
767	294	매체등록일련번호
971	294	공개여부
992	294	최초등록일시
1027	294	변경자ID
106	295	네오데이터규격검사실행_파일
159	295	이관일련번호
376	295	수량
711	295	최초등록일자
363	295	최종수정자ID
199	295	이관년도
447	295	내용설명
591	295	ERRORLIST
133	295	최종수정일시
265	295	기계검수오류유형코드
414	295	최종수정자DI
482	295	권리보호기산일구분-RG109
556	295	DANWICODE
733	295	오류컬럼수
224	296	품질검사상태구분
389	296	기본첨부파일ID
513	296	최종수정자ID
971	296	보존기간
992	296	최초등록자ID
1027	296	변경자이름
696	296	사진형태
106	296	네오데이터규격검사정상_파일
376	296	원본여부
711	296	최종수정자ID
199	296	이관일련번호
322	296	인계인수구분
363	296	최종수정일시
447	296	비고
791	296	매체등록일련번호
133	296	최종수정자ID
431	296	기본목록SID
591	296	ERRORNOACTUALOBJ
159	297	인수계획수량
265	297	기계검수오류상세내용
414	297	최종수정일시
556	297	DOC_DANWI
224	297	품질검사오류여부
389	297	최초등록자ID
482	297	권리지분
733	297	오류설명
513	297	최종수정일시
971	297	처리기관코드
992	297	기록물구분
1027	297	변경자IP
696	297	색채
106	297	네오데이터규격검사오류_파일
376	297	사용언어
711	297	최종수정일자
848	297	(FK)
199	298	기록관코드
322	298	인계인수-처리과코드
447	298	최초등록자ID
591	298	CHECKER_ID
767	298	생산부서코드
159	298	진행세부단계
265	298	기계검수식별자검증상세내용
482	298	최초등록자
556	298	LST_UPDR_ID
733	298	최초등록일자
224	298	ACK값
389	298	최초등록일시
971	298	쪽수
992	298	기록물 철 삭제일
1027	298	변경일시
696	298	규격구분
106	298	합계시작일
376	298	기본관련첨부파일
791	298	소장국가
518	298	ID
927	298	ID
199	299	철분류번호
322	299	인계인수일자
447	299	최초등록일시
767	299	매체구분(RG078)
591	299	HP_SERVICE_YN
913	299	ID
159	299	진행시작일
265	299	1차품질검사오류여부
556	299	LST_UPD_DT
180	299	이관번호(년도)
389	299	최종수정자ID
482	299	최초등록일
733	299	최초등록자ID
513	299	기술분류최종수정자ID
971	299	등록건수
1027	299	대등제목
696	299	종류
106	300	합계종료일
376	300	수집방법
791	300	소장기관
431	300	사용기간_시작
447	300	최종수정자ID
591	300	DET_ASSETID
767	300	매체유형(RG079)
292	300	NEO
159	300	진행종료일
180	300	이관번호(일련번호)
265	300	2차품질검사오류여부
482	300	최종수정자
556	300	DESC_CLASS_ID
733	300	최종수정일자
389	301	최종수정일시
513	301	기술분류최종수정일시
971	301	커맨드명
1027	301	부제목
696	301	길이
106	301	합계평균소요시간
199	301	보존분류오류여부
376	301	수집일시
791	301	매체명
927	301	ID
431	301	사용기간_끝
841	301	NEW_CHG_YN
447	301	최종수정일시
767	301	제목
913	302	ID
159	302	진행소요시간
265	302	1차품질검사오류유형코드
556	302	DESC_LST_UPDR_ID
180	302	일련번호
389	302	공개구분
482	302	최종수정일
733	302	최종수정자ID
971	302	변경자ID
1027	302	기타제목
696	302	언어
106	302	합계총소요시간
199	302	특수목록오류여부
376	302	수집출처
431	302	폐기년도
841	302	REQ_SCT_COD
767	303	수량
159	303	수신정상
265	303	2차품질검사오류유형코드
482	303	저작권이용조건내용
556	303	DESC_LST_UPD_DT
389	303	공개제한부분표시
513	303	주기사항
696	303	작사자명
971	303	변경자이름
1027	303	제목(띄어쓰기)
106	303	합계계획철
199	303	기타오류여부
376	303	수집관련첨부파일
791	303	인수일자
925	303	ID
431	304	폐기공고번호
841	304	REQ_CONT
180	304	기록물유형구분
767	304	수집일자
415	304	인계년도
889	304	메뉴접근권한(CM)
159	304	접수정상
265	304	1차품질검사오류내용
556	304	BOX_TYPE
133	304	이관년도
513	304	목록공개
971	304	변경자IP
1027	304	원어명
696	304	작곡자명
106	305	합계실행전철
199	305	오류내역
376	305	등록완료
791	305	인수자명
431	305	수령자
180	305	기록물세부유형
767	305	보존시설(RG052)
415	305	인계년도일련번호
159	305	접수오류
265	305	2차품질검사오류내용
556	305	PNT_SBJ
133	306	이관일련번호
513	306	30년재분류여부
696	306	가수명
971	306	변경일시
1027	306	생산등록일자
106	306	합계실행_철
199	306	검사여부
376	306	최초등록자ID
791	306	원본M/F번호
431	306	증정인
845	306	ID
180	306	이관 철 수량
767	306	인계자소속부서명
159	307	접수완료일
265	307	최초등록자아이디
556	307	LIST_OPEN_DIV
448	307	인수년도
133	307	기록관코드
513	307	민간기록물-선정구분
971	307	생산국가
1027	307	시작일자
696	307	분야A
106	307	합계정상_철
199	307	기계검수오류여부
376	307	최초등록일시
791	307	원본여부
415	307	이관기관
431	307	수령경위
180	307	이관 건 수량
767	308	인계자
159	308	검수샘플건수
265	308	최초등록일시
448	308	인수서일련번호
556	308	THIRTY_YN
133	308	철분류번호
513	308	보존매체관리번호
696	308	분야B
971	308	구기록물생산기관명
1027	308	종료일자
106	308	합계오류_철
199	308	최초등록자아이디
376	308	최종수정자ID
791	308	주요내용
223	308	추출전이관첨부파일일련번호
244	309	VIRUS_FOLDER
415	309	인계자
431	309	수령일자
180	309	정리의뢰번호
363	309	기록물종류
767	309	인수자소속부서명
159	309	검수정상건수
265	309	최종수정자아이디
556	309	CHOICE_DIV
133	309	건분류번호
481	309	저작권SID
513	309	디지털화작업완료여부
971	309	이관기관
1027	309	생산등록번호
321	310	영구보존파일ID
696	310	최초등록자ID
106	310	합계치료_철
199	310	최초등록일시
376	310	최종수정일시
791	310	매체류위치
599	310	SID
415	310	인계일자
431	310	재질1
847	310	ID
180	310	등록 철 수량
1011	310	기본목록SID
363	310	구성매체
389	310	건번호
767	310	인수자
866	310	국가기록원조직(SM)
159	310	검수오류건수
223	310	기관코드
265	310	최종수정일시
556	310	OD_MNGNO
481	311	저작권 권리SEQ
513	311	대등제목
696	311	최초등록일시
971	311	이관년도
1027	311	시행일자
106	311	합계치료불가_철
199	311	최종수정자아이디
376	311	소장기관
791	311	매체류상태
249	311	ID
415	311	수량-건
431	311	재질2
599	311	SID
1011	311	세부목록SID
180	311	등록 건 수량
733	311	업로드일련번호
133	311	오류여부
363	311	기록물크기
767	311	비고
321	312	기록물구분
389	312	검색어순번
292	312	1
159	312	인수확정일
265	312	해시알고리즘명
556	312	DIGITAZED_FSH
223	312	접수년도
893	312	I D
513	312	기타제목
971	312	이관일자
1027	312	접수일자
595	312	강제연행자일련번호
696	312	최종수정자ID
106	312	합계처리율
199	312	최종수정일시
791	312	최초등록자ID
415	312	수량-점
431	312	선물가액
847	312	ID
180	313	임시서고위치
448	313	검수일자
1011	313	기록물 건 삭제일
133	313	기계검수오류여부
363	313	시작
481	313	권리자 이름
767	313	매체위치
292	313	1
159	313	인수실적
223	313	접수번호
265	313	해시값
556	313	EQ_TTL
326	313	SID (FK)
513	313	제목_띄어쓰기
696	313	최종수정일시
971	313	인수자
1027	313	페이지시작
733	313	업로드일시
106	313	합계비고
791	313	최초등록일시
249	314	ID
389	314	검색어명
415	314	인수일자
431	314	사진이미지ID
180	314	관리번호(시작)
448	314	검수자
133	314	최초등록자아이디
363	314	끝
481	314	권리구분-RG110
767	314	매체상태
292	314	2
159	314	인수제외
556	314	ETC_TTL
223	314	이관기본목록SID
991	314	기록물 철SID
326	314	SID
895	314	I D
513	314	정부간행물전용등록완료여부
971	314	분류체계구분(ID)
1027	314	페이지끝
696	315	생산일자
733	315	업로드구분코드
1011	315	처리기관코드
106	315	합계총수량_파일
791	315	최종수정자ID
389	315	최초등록자ID
248	315	2
415	315	인수자
431	315	최초등록자ID
180	315	관리번호(끝)
448	315	대리여부
133	315	최초등록일시
321	315	파일크기
363	315	최초등록자ID
481	315	권리내용-RG111
767	315	최초등록자ID
595	315	생년월일
292	315	1
159	316	인수비고
223	316	이관세부목록SID
556	316	TMP_TTL
991	316	일련번호
513	316	구술기록등록일련번호
696	316	저작권
971	316	분류체계ID
1011	316	구기록물생산기관명
1027	316	쪽수
733	316	최초등록일자
106	316	합계실행전_파일
791	316	최종수정일시
389	316	최초등록일시
415	316	대리여부
431	316	최초등록일시
180	316	최초등록자ID
448	316	확정수량
133	316	최종수정자아이디
363	316	최초등록일시
481	316	처분제한-RG112
767	316	최초등록일시
321	317	스토리지구분
595	317	본적지
292	317	2
159	317	최초등록일시
556	317	REGISTRY_FSH
223	317	문서관계
895	317	I D
513	317	매체등록일련번호
971	317	기록물명
1027	317	특수기록물
696	317	컷수
733	317	최초등록자ID
1011	317	제목
106	317	합계실행_파일
791	317	M/F필름번호
389	317	최종수정자ID
415	317	비고
431	317	최종수정자ID
180	318	최초등록일시
448	318	관련근거
991	318	변경전 기록물위치
133	318	최종수정일시
321	318	클립ID
363	318	최종수정자ID
481	318	기타(질권, 약정)
767	318	최종수정자ID
595	318	연행지
159	318	최종수정일시
223	318	첨부파일일련번호
556	318	REG_SEQ_NO
513	318	행정박물최대지름
696	318	기타내용
971	318	대등제목
1011	318	기록물관리번호
1027	318	공개제한부분표시
733	318	업로드처리상태코드
106	319	합계정상_파일
791	319	보존시설
389	319	최종수정일시
267	319	이관번호(년도)
415	319	최초등록자
431	319	최종수정일시
180	319	최종수정자ID
448	319	비고
991	319	변경후 기록물위치
133	319	기본목록SID
363	319	최종수정일시
481	319	최초등록자
767	319	최종수정일시
321	319	파일위치
595	319	합사여부
159	319	STR_GUBUN
556	319	MEDIA_SEQ_NO
199	319	이관년도
223	319	파일명
513	319	서비스용제목_기통검
971	319	부제목
1027	319	기록물형태
696	320	MAM원문내용기술URL
733	320	최종수정일자
1011	320	등록일자
106	320	합계오류_파일
267	320	이관번호(일련번호)
415	320	최초등록일시
431	320	폐기일자
180	320	최종수정일시
448	320	최초등록자ID
991	320	변경전 기록물상태
133	320	상태평가일자
321	320	변환자ID
363	320	기록물유형
481	320	최초등록일
767	320	생산년도
912	320	세부메뉴제한권한(CM)
595	320	공탁금여부
199	321	이관일련번호
223	321	파일구분
556	321	MAXDIAMETER
513	321	서비스제목적용여부
696	321	MAM원문보기URL
971	321	기타제목
1011	321	최초등록일시
1027	321	기안자(업무담당자)
733	321	최종수정자ID
106	321	합계치료_파일
926	321	공무원구분코드
415	321	최종수정자
431	321	가로
180	321	전송파일크기
448	321	최초등록일시
991	321	변경후 기록물상태
133	322	개정조사코드(SV154)
481	322	최종수정자
767	322	부제목
321	322	변환일자
595	322	사망여부
556	322	SERVICE_BND_TTL
872	322	(0:
875	322	1:
880	322	)
199	322	이관철ID(RG)
223	322	전자서명유효성검사 결과
267	322	기록물상태(RG101)
513	322	서비스제목최종수정일자
971	322	제목(띄어쓰기)
1027	322	문서번호
696	322	임시파일경로
1011	322	최초등록자ID
106	322	합계치료불가_파일
919	322	(FK)
415	322	최종수정일시
431	322	세로
448	323	최종수정자ID
991	323	최초등독자ID
133	323	조사결과코드값
321	323	최초등록자ID
481	323	최종수정일
767	323	인계자소속부서코드
888	323	소속부서별 권한 매핑
595	323	면수
199	323	이관파일순번
223	323	전자서명유효성검사 시작일
556	323	ISSERVICE
926	323	공무원
267	323	기관구분(RG094)
513	323	서비스제목최종수정자ID
971	323	원어명
1027	323	결제권자
106	324	육안검수수시작일
244	324	ACK
915	324	ID (FK)
431	324	높이
448	324	최종수정일시
133	324	조사결과하위코드값
767	324	인수자소속부서코드
991	324	최초등록일자
321	324	최초등록일시
595	324	등록자ID
556	324	SVC_LST_UPD_DT
223	324	파일추출 결과
926	324	비고
267	325	기관코드
513	325	MF번호_색인대장
971	325	보존방법
1027	325	전자기록물여부
106	325	육안검수수종료일
896	325	(FK)
244	325	INSUFILE_NM
917	325	ID
431	325	최대지름
199	325	자료관코드
133	325	기타내용
321	325	최종수정자ID
767	325	보존기간(RG002)
595	325	등록일
223	326	파일추출 시작일
556	326	SVC_LST_UPDR_ID
926	326	최초등록자ID
267	326	보존기간(RG100)
513	326	생산시보존기간
971	326	보존장소
1027	326	수신자(발신자)
106	326	총소요시간_분
896	326	(FK)
199	326	파일명
767	327	보관상자번호
321	327	최종수정일시
556	327	MFILMNO
873	327	ID
223	327	전자서명유효성검사 내용
926	327	최초등록일시
267	327	이관일자
513	327	사용권한
971	327	보존기간(생산시)
1027	327	발신자
106	327	평균소요시간_초
713	327	기록물 철SID
199	328	접수방법
291	328	기록물철분류번호
321	328	ALERO 아카이브키
767	328	상자구분
223	328	파일추출 내용
556	328	PRODKIKAN
926	328	최종수정자ID
895	328	ID
267	328	인계자 부서명
513	328	상자분류일련번호
971	328	원본매체
1027	328	구기록물보존기간
106	329	철단위계획
713	329	일련번호
291	329	반려회차
199	329	처리구분
767	329	상자높이
556	329	PRIVILAGE
873	329	ID
223	329	이관철ID
926	329	최종수정일시
918	330	ID
267	330	인계자 성명
513	330	FORG유형
971	330	권호수
1027	330	옛날지명
106	330	철단위실행전
199	330	접수일자
701	330	SID (FK)
767	330	상자세로
713	331	언어코드(SV027)
895	331	ID
267	331	인수자 부서명
291	331	이관기본목록 SID
513	331	보존분류오류여부
971	331	수량
1027	331	번지
556	331	DEL_DT
106	331	철단위처리
160	331	일련번호
845	331	IP
177	331	일련번호
199	331	처리일자
767	332	상자무게
556	332	생산년도미상여부
696	332	생산일자(FROM)
713	332	최초등록자ID
918	332	ID
267	332	인수자 성명
513	332	특수목록에러여부
971	332	원본구분
1027	332	주민번호1
291	332	이관년도
106	332	철단위정상
160	332	접수년도
244	333	DOC_PRODSYS_GUBUN
1010	333	기록물 철SID
177	333	접수년도
133	333	일련번호
767	333	상자가로
321	333	NEO
556	333	종료년도미상여부
713	333	최초등록일자
696	333	색채
267	333	인수자 아이디
291	333	이관일련번호
513	333	기타오류여부
971	333	구문서번호
1027	333	주민번호2
106	334	철단위오류
160	334	기관코드
1010	334	일련번호
854	334	(CM 102)
177	334	기관코드
556	334	DEL_YN
322	334	영구보존파일ID (FK)
696	334	규격구분
713	334	최종수정자ID
267	335	첨부파일
513	335	오류내역
971	335	구MF번호
1027	335	축척
291	335	처리기관코드
106	335	처리율
133	335	접수년도
160	335	접수구분
177	335	접수구분
556	336	BOX_CLASS_SEQ_NO
713	336	최종수정일자
696	336	매체음향
267	336	공개사항
291	336	자료관코드
513	336	기록언어명
971	336	국무회의록_시작회차
1010	336	변경전 기록물위치
1027	336	인명
106	336	비고
133	336	기관코드
160	336	전송파일데이터구분
177	337	전송파일데이터구분
199	337	XML 파일이름
556	337	FORGTYPE
696	337	화면구분
267	337	이관사유
513	337	추가보관매체정보
971	337	국무회의록_종료회차
1010	337	변경후 기록물위치
1027	337	구기록물생산기관명
291	337	기록물철제목
106	337	파일단위전체
223	337	자료관코드 (FK)
133	337	접수구분
160	337	목록라인번호
863	338	사용자권한변경이력(SM)
177	338	목록라인번호
556	338	ERRORBOJON
696	338	용기형태
267	338	주요내용
291	338	기록물형태
513	338	생산년도미상여부
971	338	기증자
1010	338	최초등록자ID
1027	338	처리기관코드
106	339	파일단위실행전
223	339	자료관생산부서코드
243	339	접수년도
133	339	전송파일데이터구분
160	339	오류내역
199	339	XML 파일경로
177	339	오류내역
879	339	사용자ID
931	339	사용자ID
556	339	ERRORTUKSU
840	339	소속부서코드
267	340	기타내용
513	340	종료년도미상여부
696	340	재생속도
971	340	해외기록물_담당자
1010	340	최초등록일자
1027	340	원본사본여부
291	340	이관철ID(RG)
106	340	파일단위처리
243	340	접수번호
133	340	목록라인번호
160	340	수신파일명
177	340	오류통보ID
199	340	작업자
879	340	신청순번
931	340	접속년월일
556	341	ERRORETC
840	341	일련번호
718	341	SID (FK)
696	341	재생길이
267	341	최초등록자ID
291	341	보존분류오류여부
513	341	HP_SERVICE_YN
971	341	해외기록물_콜렉션명
1027	341	내용요약
376	341	M/F복제처리서번호
106	341	파일단위정상
243	341	접수기관
899	341	사용자ID
916	341	세션ID
133	341	오류내역
160	341	FST_REGR_ID
199	341	시스템구분
360	341	이송장소
177	342	오류통보일
867	342	ID
411	342	철번호
931	342	접속시분초
396	342	SID (FK)
713	342	매체구분
327	342	SID
556	342	ERRORLIST
267	342	최초등록일시
513	342	삭제여부
696	342	감독명
971	342	수집일자
1027	342	비고
291	342	특수목록오류여부
376	342	보관장소
992	342	사용자IPC클래스
106	342	파일단위오류
243	342	요청일련번호
133	342	수신파일명
160	342	FST_REG_DT
879	342	접근권한코드
899	342	사용자다운로드IP
916	342	세션정보
360	343	장기보존매체관리번호
391	343	이송장소
177	343	접수번호
199	343	년도
840	343	메뉴 1차
411	343	점검년도
713	343	레코딩구분
327	343	SID
556	343	HP_SERVICE_YN
696	343	언어구분
267	343	최종수정자ID
291	343	기타오류여부
513	343	MAM철ID
971	343	재질
1027	343	사용권한
376	344	통합기관코드
992	344	C클래스시작IP
106	344	수신여부
879	344	최초등록자ID
899	344	비고
916	344	사용자ID
931	344	접속시간
133	344	FST_REGR_ID
160	344	LST_UPDR_ID
431	344	SID (FK)
199	344	보낸 기관코드
360	344	이송일자
391	344	이송일자
840	344	메뉴 2차
177	344	에러레벨
243	344	철건구분코드
556	344	LANGUAGE_INFO
267	345	최종수정일시
513	345	BONDIGITAL철여부
696	345	외국어구분
971	345	비고
291	345	오류내역
376	345	롤일련번호
992	345	C클래스종료IP
106	345	최초등록일
411	345	점검구분
133	345	FST_REG_DT
160	345	LST_UPD_DT
713	345	수량
879	345	최초등록일시
899	345	최초등록자ID
916	345	접속IP
931	345	접속IP
177	345	이관철ID(RG)
199	345	받는 기관코드
840	345	메뉴 3차
243	346	일괄작업요청구분코드
556	346	MEDIA_INFO
696	346	원본기록물
291	346	바이러스감염여부
360	346	이송담당자
391	346	이송담당자ID
513	346	통합기관코드구분
971	346	기술내용(내용요약정보)
376	346	이송장소
106	346	최후수정일
411	346	점검년도__40155
879	346	최종수정자ID
899	346	최초등록일시
916	346	접속포트
931	346	접속페이지
133	346	LST_UPDR_ID
160	346	ERROR_TYPE
713	346	최초등록자ID
199	346	온라인/오프라인 여부
840	346	메뉴 4차
177	347	에러분류
867	347	ID
243	347	일괄작업처리상태코드
427	347	이상여부
556	347	ASSETID
992	347	열람실구분
360	347	입고담당자
391	347	입고담당자ID
513	347	인수자소속
696	347	관련기록물
971	347	내용요약
291	347	접수오류여부
106	347	파일추출_파일
376	347	이송일자
411	347	이관번호
133	348	LST_UPD_DT
160	348	ERROR_POINT
713	348	최초등록일시
879	348	최종수정일시
899	348	최종수정자ID
916	348	접속일시
931	348	최초등록자ID
177	348	통보방법
199	348	업무구분
840	348	최초등록자ID
427	348	조치사항
992	348	접속PC정보
243	348	일괄작업오류내용
556	348	BON_DIGT_YN
696	348	최초등록자ID
291	348	접수오류내용
360	348	입고일자
391	348	입고일자
513	348	인수자직위
971	348	추가보관매체정보
411	349	기관코드
899	349	최종수정일시
916	349	접속종료일시
931	349	최초등록일시
133	349	ERROR_TYPE
160	349	RECEIPTNO
713	349	최종수정자ID
199	349	업무코드
840	349	최초등록일자
177	349	오류파일정보
223	349	자료관코드
869	349	ID
325	349	ID
243	349	요청일자
376	349	이송담당자ID
427	349	최초등록자ID
556	349	UNI_ORG_SCT
992	349	FST_REG_DT
360	350	최초등록자ID
391	350	최초등록자ID
513	350	인계자소속
696	350	최초등록일시
971	350	기록언어명
291	350	반려일
411	350	온라인 스케줄링번호
133	350	ERROR_POINT
160	350	ERROR_LEVEL
713	350	최종수정일시
916	350	사용자부서코드
931	350	최종수정자ID
177	350	최초등록자ID
199	350	처리결과
265	351	XML 파일이름
376	351	입고담당자ID
427	351	최초등록일시
992	351	FST_REGR_ID
243	351	요청자ID
696	351	최종수정자ID
291	351	반려예정여부
360	351	최초등록일시
391	351	최초등록일시
513	351	인계자직위
971	351	출처구분
223	351	자료관기관명
411	351	이중화 스케줄링번호
916	351	비고
931	351	최종수정일시
133	351	RECEIPTNO
160	351	이관철ID
199	351	등록일
177	352	최초등록일시
869	352	ID
265	352	첨부 파일이름
325	352	NEO
243	352	처리일자
376	352	입고일자
427	352	최종수정자ID
992	352	LST_UPD_DT
360	352	최종수정자ID
391	352	최종수정자ID
696	352	최종수정일시
971	352	매체등록일련번호
291	352	최초등록일시
223	352	자료관기록관구분
411	352	성남매체 스케줄링번호
931	353	접속파라메터
133	353	ERROR_LEVEL
160	353	TYPE
177	353	최종수정자ID
199	353	이관철ID(RG)
325	353	NEO
376	353	최초등록자ID
427	353	최종수정일시
992	353	LST_UPDR_ID
243	353	파일경로
696	353	생산일자(TO)
291	354	최초등록자ID
360	354	최종수정일시
391	354	최종수정일시
971	354	민간기록물_선정구분
265	354	첨부 파일경로
411	354	대전매체 스케줄링번호
133	354	이관철ID
177	354	최종수정일시
243	354	최초등록일
376	354	최초등록일시
992	354	사용여부
391	355	스케줄링번호
971	355	언어
291	355	최종등록일시
411	355	부산매체 스케줄링번호
265	355	등록일
133	355	TYPE
376	356	최종수정자ID
243	356	최초등록자ID
291	356	최종등록자ID
971	356	수집처
265	356	이관철ID(RG)
411	356	점검완료일
243	357	최종수정일
376	357	최종수정일시
971	357	사용권한
243	358	최종수정자ID
1058	368	API코드
1058	370	API구분
835	370	백업파일ID
852	370	백업파일ID (FK)
870	370	테이블ID
887	370	테이블ID (FK)
1019	371	기록물종류코드
1058	371	API명
852	372	테이블ID (FK)
887	372	컬럼ID
1019	372	메타유형
835	372	백업파일명
870	372	테이블명
1058	372	API설명
1019	373	객체종류
835	374	백업설명
852	374	비고
870	374	테이블설명
887	374	컬럼명
906	374	질의어BSID
1058	374	단일플랫폼여부
1019	374	메타버전
1036	375	USERNAME
835	375	백업파일위치
852	375	최초등록자ID
870	375	작업구분코드
887	375	컬럼순서
1058	375	파일삭제여부
1019	376	순번
906	376	질의어유형명
1036	376	MACHINE
835	376	백업예정일자
852	376	최초등록일시
870	376	비고
887	376	데이터타입
1058	376	로그생성여부
927	377	단위업무구분
906	377	질의어내용
1003	377	날짜
1036	377	PROGRAM
835	377	백업실행일자
852	377	최종수정자ID
870	377	최초등록자ID
887	377	널허용
1058	377	API파일위치
1019	378	생성일자
906	378	설명(등록 및 변경사유))
1003	378	시스템
835	379	백업성공여부
852	379	최종수정일시
870	379	최초등록일시
887	379	기본키
970	379	자료관코드
1058	379	XML정의파일위치
1019	379	메타항목명
927	379	단위업무명
1036	379	CNT
906	380	업무분야
835	380	백업오류내역
870	380	최종수정자ID
887	380	컬럼설명
970	380	기관코드
1058	380	API서버주소
1019	380	메타참조코드
927	380	비밀단위업무여부
1003	380	접속수
1036	380	COUNT_TIME
906	381	등록과
835	381	백업내용
870	381	최종수정일시
887	381	비고
1058	381	API서버포트
1019	381	메타참조명
927	382	단위업무가명
906	382	상태
835	382	백업구분코드
887	382	최초등록자ID
1058	382	API접근권한ID
1019	383	메타항목설명
945	383	서열
906	383	등록자ID
835	384	복구성공여부
887	384	최초등록일시
1058	384	API접근권한암호
1019	384	참조컬럼명
927	384	단위업무설명
945	384	존폐구분{0-존-default 1-폐}
906	385	등록일자
835	385	복구예정일자
887	385	최종수정자ID
1058	385	송신API모듈명
1019	385	참조컬럼ID
927	385	행정업무참고기간구분
945	386	기관유형분류-대
835	386	복구실행일자
887	386	최종수정일시
1058	386	송신API작성언어
1019	386	참조컬럼널허용여부
927	387	증빙자료유효기간구분
945	387	기관유형분류-중
835	387	BAK_RCO_YN
1058	387	수신API모듈명
1019	388	참조컬럼데이터타입
927	388	관계법령의무기간
945	388	기관유형분류-소
835	389	비고
1058	389	수신API작성언어
1019	389	참조컬럼데이터길이
927	389	사료가치보존기간구분
945	389	최상위기관코드
835	390	최초등록자ID
1058	390	모듈시작명령어
1019	390	비고
1034	390	STATDATE
975	390	요청일련번호
945	391	생성일자
835	391	최초등록일시
1058	391	모듈종료명령어
1019	391	최초등록자ID
1034	391	ARCAVETYPE
927	392	보존기간책정사유
906	392	질의어BSID
945	392	폐지일자
835	392	최종수정자ID
975	392	통보구분(SV083)
1058	392	모듈시작일시
1019	393	최초등록일시
1034	393	DOCTYPE
927	393	보존방법구분
906	393	질의어 일련번호
945	393	현행기관코드
835	394	최종수정일시
975	394	통보자ID
1058	394	모듈종료일시
1019	394	최종수정자ID
1034	394	ORGTYPE
927	394	보존장소구분
945	394	행정동코드
975	395	요청일시
1058	395	모듈가동여부
906	395	질의어 유형 명
1019	395	최종수정일시
1034	395	VOLUMEID
348	395	스케줄링일련번호 (FK)
927	395	비치기록물구분
945	396	법정동-주민코드
975	396	통보내용
1058	396	비고
906	396	질의어내용
1034	396	FILESIZE
348	397	서고일련번호 (FK)
927	397	비치기록물이관시기
945	397	법정동-지적코드
562	397	스케줄링일련번호
1058	398	최초등록자ID
906	398	설명(등록 및 변경사유)
978	398	ID
319	398	서고일련번호 (FK)
927	398	열람예상빈도구분
562	398	기본목록SID
945	398	행정동코드구분
348	399	조사일자
975	399	확인일자
1058	399	최초등록일시
906	399	업무분야
927	399	주요열람용도구분
319	399	서가일련번호
945	399	법정동코드구분
562	400	세부목록SID
470	400	OD매체등록일련번호
334	400	서고일련번호
484	400	서버일련번호
497	400	OD클래스일련번호
348	400	점검시각
975	400	최초등록자ID
1058	400	최종수정자ID
516	400	SID (FK)
543	400	SID (FK)
703	400	보존시설(RG052)
906	400	등록과
927	401	특수목록위치구분
562	401	첨부파일련번호
945	401	법정동존/폐구분
511	401	OD클래스일련번호 (FK)
648	401	보존시설 (FK)
684	401	보존시설 (FK)
539	401	스케줄링일련번호 (FK)
348	401	온도
459	401	SID (FK)
319	401	서가번호
975	401	최초등록일시
1058	401	최종수정일시
906	401	상태
703	402	복원처리서구분(SV088)
182	402	보존시설
470	402	OD클래스일련번호
927	402	제1특수목록
334	402	보존시설
484	402	서버명
497	402	서버구분번호 (FK)
945	402	사용등록여부
204	402	ID
648	402	복원처리서구분
684	402	복원처리서구분 (FK)
739	402	기록물점검ID
301	402	SID (FK)
319	403	서가명
348	403	습도
975	403	최종수정자ID
407	403	SID (FK)
460	403	ID (FK)
562	403	파일경로
703	403	복원처리서번호
906	403	등록자ID
182	403	의뢰서구분{처리,반출,반입}
334	403	서고번호
470	403	OD보존매체관리번호
484	403	서버IP
497	403	OD관리번호
511	403	수록자ID
927	403	제2특수목록
539	403	작업완료여부
297	403	서고일련번호 (FK)
945	403	최하위구분
648	404	복원처리서번호
684	404	복원처리서번호 (FK)
739	404	스토리지ID
348	404	청소상태
319	404	기록물형태
975	404	최종수정일시
906	404	등록일자
204	404	CD1_
562	404	파일명
703	404	복원처리자순번
778	404	결과ID
182	404	의뢰서번호
470	404	OD복본구분
927	404	제3특수목록
334	404	서고명
454	404	매체구분
484	404	최초등록자ID
497	404	OD라벨명
511	404	수록일자
402	404	사료적등급
539	404	최초등록자ID
945	404	변경일자
297	405	서가일련번호 (FK)
759	405	기록물점검ID
684	405	복원전상태코드
739	405	기록물상세ID
319	405	배치용량
348	405	소등상태
562	405	파일사이즈
906	405	최종수정자ID
204	405	CD2_
182	406	스케줄링일련번호
334	406	최초등록자ID
454	406	매체수록의견
470	406	OD관리번호
484	406	최초등록일시
497	406	OD공개구분
511	406	최초등록자ID
927	406	단위업무상태
402	406	행정적등급
539	406	최초등록일시
297	406	셀일련번호 (FK)
617	406	SID (FK)
653	406	SID (FK)
703	406	복원처리자ID
778	406	기록물점검ID
348	406	서가정렬상태
244	406	(
245	406	)
319	406	만가상태
906	407	최종수정일자
204	407	CD3_
562	407	서버파일경로
759	407	점검명
470	407	OD라벨명
612	407	처리구분
684	407	상태내용
927	407	심사번호
334	407	최초등록일시
454	407	최초등록자ID
484	407	최종수정자ID
497	407	가치등급
511	407	최초등록일시
739	407	기록물파일URL
402	407	증빙적등급
539	407	최종수정자ID
653	407	SID (FK)
241	407	서고번호
703	407	최초등록자ID
778	407	스토리지ID
182	408	기록물인수자ID
319	408	최초등록자ID
348	408	출입문잠금상태
562	408	작업완료여부
759	408	점검기준년도
204	408	CD4_
334	408	최종수정자ID
454	408	최초등록일시
470	408	OD공개구분
484	408	최종수정일시
497	408	볼륨명
511	408	최종수정자ID
612	408	보존처리일자
648	408	복원의뢰서번호 (FK)
684	408	최초등록자ID
739	408	전체파일경로
927	408	작업일자
402	408	가치등급
539	408	최종수정일시
241	409	서가번호
703	409	최초등록일시
778	409	기록물상세ID
182	409	기록물인수일자
348	409	특기사항
319	409	최초등록일시
204	409	CD5_
297	409	최초등록자ID
562	409	최초등록자ID
759	409	점검예정일
470	409	클래스명
648	409	의뢰내역일련번호 (FK)
684	409	최초등록일시
927	409	작업자ID
334	409	최종수정일시
454	409	최종수정자ID
497	409	매체이름
511	409	최종수정일시
739	409	파일명(기록물)
402	410	보존매체수록유형
539	410	반출의뢰여부
138	410	시소러스 용어ID
241	410	련번호
703	410	최종수정자ID
778	410	기록물파일URL
182	410	기록물인계자ID
202	410	태그CD6_응용서비스
319	410	최종수정자ID
348	410	조치및결과
612	410	처리유형
297	410	최초등록일시
562	410	최초등록일시
666	410	보존시설 (FK)
759	410	스토리지ID
334	411	단어비
454	411	최종수정일시
470	411	OD복제자ID
497	411	클래스명
648	411	페이지번호
684	411	최종수정자ID
739	411	기록물파일크기
539	411	RFID작업유무
267	411	재배치여부
113	411	시소러스 용어ID (FK)
241	411	단번호
703	411	최종수정일시
778	411	전체파일경로
182	411	인계일자
348	411	최초등록자ID
612	411	처리내용
319	411	최종수정일시
387	411	기본목록SID
297	412	최종수정자ID
562	412	최종수정자ID
666	412	복원처리서구분 (FK)
759	412	광매체분할 점검 수
138	412	용어
470	412	OD복제일자
648	412	처리서작성일자
684	412	최종수정일시
334	412	임시서고여부
497	412	OD타입
739	412	기록물 파일 아카이브 키 (AK)
402	412	평가자의견
539	412	파일유형
113	412	관계지시기호 (FK)
241	412	셀(순)번호
267	412	최초등록자ID
778	413	파일명(기록물)
182	413	최초등록일시
202	413	태그발행상태
319	413	서가설명
348	413	최초등록일시
387	413	최초등록일시
612	413	작업시작일시
562	413	최종수정일시
666	413	복원처리서번호 (FK)
759	413	기록물점검유형
470	413	매체위치
497	413	여유공간
648	413	처리서작성자ID
739	413	기록물 파일 Bin/ClipID
402	413	내용요약
267	413	최초등록일시
241	414	사용필름유형
778	414	기록물파일크기
182	414	최초등록자ID
348	414	최종수정자ID
612	414	작업종료일시
118	414	ID
319	414	련방향
387	414	최종수정일시
206	414	SID
297	414	RFID작업유무
759	414	점검담당자ID
138	414	역검색용 용어
470	414	매체상태
648	414	기타사항
497	414	수록용량
739	414	해쉬유형
402	415	평가분류자ID
241	415	필름규격코드
267	415	최종수정자ID
666	415	기타사항
778	415	기록물 파일 아카이브 키 (AK)
182	415	최종수정일시
348	415	최종수정일시
612	415	최초등록자ID
759	415	점검담당자명
113	416	패싯
470	416	최초등록자ID
497	416	웹이동구분코드
648	416	처리전이미지등록ID
739	416	기준 Hash값
402	416	평가분류일자
267	416	최종수정일시
387	416	사료적등급
241	416	통합기관코드
666	416	추가필요사항
778	416	기록물 파일 Bin/ClipID
182	416	최종수정자ID
612	416	최초등록일시
759	417	기록물점검작업구분
113	417	상태
138	417	입력일
470	417	최초등록일시
648	417	처리상태
497	417	최초등록자ID
739	417	시스템코드
402	417	확인자ID
241	417	수집기관명
387	417	행정적등급
666	418	처리기간_시작
778	418	기록물파일UCI
612	418	최종수정자ID
683	418	보존시설 (FK)
759	418	점검총건수
202	418	DVD
138	418	수정일
113	418	입력자ID
470	418	최종수정자ID
497	418	최초등록일시
648	418	최초등록자ID
739	418	기본목록SID
402	418	확인일자
387	418	증빙적등급
241	419	재배치여부
666	419	처리기간_끝
778	419	해쉬유형
202	419	이전매체관리번호
612	419	최종수정일시
683	419	복원처리서구분 (FK)
759	419	점검총용량
113	419	수정자ID
138	419	삭제일
470	419	최종수정일시
648	419	최초등록일시
497	419	최종수정자ID
739	419	기본목록 제목
402	420	최초등록자ID
558	420	스케줄링일련번호
241	420	수집구분코드
387	420	가치등급
666	420	복원실반입일자
778	420	기준 Hash값
202	420	보존매체관리번호
683	420	복원처리서번호 (FK)
453	420	SID (FK)
759	420	의견
138	421	검증일
113	421	검증자ID
301	421	서고일련번호 (FK)
470	421	보존시설
497	421	최종수정일시
648	421	최종수정자ID
739	421	세부목록SID
402	421	최초등록일시
712	421	ID
387	421	보존매체수록유형
241	421	수집년도
563	421	SID
666	421	복원실반출일자
778	421	시스템코드
202	421	보존시설
448	421	조정매체유형(SV015)
284	421	서고배치내역일련번호
683	422	복원처리코드
759	422	기록물점검오류여부
113	422	삭제자ID
138	422	입력자ID
648	422	최종수정일시
707	422	첨부파일순번
301	422	서가일련번호 (FK)
739	422	세부목록 제목
533	422	스케줄링일련번호
241	422	촬영년도
408	422	ID
563	423	SID
270	423	보존장소
666	423	처리자ID
778	423	기본목록SID
202	423	서고일련번호
759	423	등록일시
138	423	수정자ID
113	423	입력일
301	423	셀일련번호
648	423	처리전 ALERO 아카이브키
739	423	기록물 형태
448	423	매체수록조정일자
387	424	평가자의견
241	424	설명
683	424	처리내용
666	424	기록물인수자ID
778	424	기본목록 제목
289	424	SID
202	424	서가일련번호
270	424	장기보존매체관리번호
707	424	원문FILE명
558	424	작업완료여부
759	424	보존매체스케줄링일련번호
113	424	수정일
138	424	검증자ID
648	424	스케줄링일련번호
540	424	(SV069)
739	424	기록물 관리 번호2
448	425	최초등록자ID
184	425	ID
241	425	최초등록자ID
284	425	서고일련번호 (FK)
387	425	내용요약
683	425	최초등록자ID
666	425	기록물인계자ID
707	425	저장파일명
778	425	세부목록SID
960	425	전거레코드ID (FK)
202	425	최초등록일시
301	425	련번호
533	425	스케줄링명
558	425	최초등록자ID
759	425	체크종료일자
138	426	삭제자ID
113	426	검증일
648	426	작업시작페이지
739	426	기록물점검유형
270	426	DVD타입
448	426	최초등록일시
284	426	서가일련번호 (FK)
387	426	평가분류자ID
241	426	최초등록일시
683	426	최초등록일시
666	426	처리후이미지등록ID
778	426	세부목록 제목
960	426	일련번호
202	426	최초등록자ID
707	426	파일유형코드
301	427	단번호
533	427	작업시작일시
558	427	최초등록일시
759	427	체크시작일자
113	427	삭제일
648	427	작업끝페이지
739	427	기록물점검작업구분
270	427	수록용량
448	427	최종수정자ID
241	427	최종수정자ID
284	427	셀일련번호 (FK)
387	427	평가분류일자
683	427	최종수정자ID
666	428	최초등록자ID
707	428	첨부파일용량
778	428	기록물 형태
181	428	발행조직코드
202	428	최종수정일시
301	428	순번호
533	428	작업종료일시
138	428	DB명
558	428	최종수정자ID
917	428	전거레코드ID (FK)
113	428	DB명
648	428	철쪽수
739	428	기록물 점검 시작  일시
960	428	전거종류(KH001)
270	428	폐기여부
448	428	최종수정일시
284	429	재배치여부
387	429	확인자ID
241	429	최종수정일시
683	429	최종수정일시
466	429	수록계획서년도
666	429	최초등록일시
778	429	기록물 관리 번호2
181	429	태그발행기ID
202	429	최종수정자ID
707	429	첨부삭제여부
301	429	가로크기
533	429	작업담당자ID
558	429	최종수정일시
917	429	일련번호
113	429	주기사항
138	429	비고
610	429	기본목록SID
648	429	건쪽수
739	430	기록물점검완료일시
270	430	최초등록자ID
960	430	관계범주(코드KH007)
284	430	최초등록자ID
387	430	확인일자
466	430	수록계획서번호
666	430	최종수정자ID
707	430	저장매체ID
778	430	기록물오류코드
407	430	SID (FK)
202	430	불량태그여부
301	430	세로크기
138	431	주기사항
610	431	처리구분
113	431	비고
648	431	처리매수
739	431	기록물점검오류여부
960	431	관계형식(코드KH008)
270	431	최초등록일시
387	431	최초등록자ID
403	431	관련기록일련번호
900	431	전거레코드ID (FK)
666	431	최종수정일시
778	431	기록물 오류 내용
917	431	설치근거
181	431	발행자ID
202	431	이전태그
707	431	첨부파일위치
301	432	최초등록자ID
533	432	점검항목
113	432	수정비고
138	432	관계어수
610	432	보존처리일자
648	432	복원작업구분(SV152)
739	432	기록물 점검 일시 반영 여부
270	432	최종수정자ID
466	432	기록물형태
960	432	관계전거레코드ID
284	432	최종수정자ID
387	432	최종수정자ID
900	432	일련번호
977	432	전거레코드ID (FK)
666	433	처리후 ALERO 아카이브키
707	433	비고
778	433	기록물 오류 일시
917	433	최초등록일
181	433	발행조직명
301	433	최초등록일시
482	433	수록계획서년도
533	433	점검주기
138	433	삭제비고
113	433	삭제비고
403	433	관련기록물관리번호
648	433	복원작업구분-기타
243	433	매체등록일련번호
466	433	수록형태
739	433	등록일시
960	433	전거명
270	433	최종수정일시
977	434	일련번호
666	434	임시저장여부
778	434	기록물 복구 여부
917	434	최초등록자
181	434	발행사유코드
610	434	탈산처리자ID
707	434	최초등록자ID
301	434	최종수정자ID
482	434	수록계획서번호
533	434	이송유형(SV040)
880	434	전거레코드ID (FK)
113	434	최초등록일시
138	434	수정비고
403	434	최초등록자ID
900	434	대등표목
243	435	서고일련번호
270	435	매체위치
466	435	OD클래스 일련번호
960	435	관계전거생성일
284	435	RFID작업유무
610	435	탈산처리전PH값
707	435	최초등록일시
778	435	기록물 복구 일시
917	435	최종수정일
181	435	태그발행구분코드
301	435	최종수정일시
482	435	기본목록SID
533	435	이송장소
977	436	업무내용
113	436	최초등록자ID
403	436	최초등록일시
900	436	최초등록일시
243	436	서가일련번호
466	436	수록일자
960	436	관계전거폐지일
143	436	ID
270	436	매체상태
778	436	기록물 알림 여부
880	436	수정유형(코드KH010)
917	436	최종수정자
181	436	최초등록자ID
610	436	탈산처리후PH값
707	436	최종수정자ID
533	437	비고
113	437	최종수정일시
138	437	용어타입_구시스템
403	437	최종수정자ID
511	437	M/F복제번호 (FK)
900	437	최초등록자ID
977	437	시작일
243	437	셀일련번호
270	437	수록자
466	437	수록 SIZE
960	437	관계기간
482	437	기록물형태(일반, 도면등)
861	437	전거레코드ID (FK)
610	438	탈산처리비고
707	438	최종수정일시
778	438	기록물 신고 여부
880	438	수정내용
181	438	최초등록일시
331	438	롤일련번호 (FK)
533	438	최초등록자ID
138	438	미판정어수
511	438	보관장소 (FK)
977	438	종료일
113	438	최종수정자ID
403	438	최종수정일시
900	438	최종수정일시
466	438	갯수
960	438	최초등록일시
270	439	수록일자
482	439	수록형태 (MOD, DVD)
861	439	일련번호
778	439	예상복구시간_초단위
880	439	최초등록일시
181	439	최종수정자ID
610	439	최초등록자ID
243	439	재배치여부
331	439	서고일련번호 (FK)
994	439	전거레코드ID (FK)
138	439	최초등록일시
511	439	롤일련번호 (FK)
561	439	스케줄링일련번호 (FK)
900	439	최종수정자ID
977	439	최초등록일시
270	440	광매체수록일자
466	440	전체 SIZE
960	440	최초등록자ID
482	440	OD클래스 일련번호
758	440	기록물점검ID
610	440	최초등록일시
778	440	사고번호
880	440	최초등록자ID
181	440	최종수정일시
243	440	최초등록자ID
331	440	서가일련번호 (FK)
533	440	최종수정자ID
994	441	일련번호
138	441	최초등록자ID
511	441	스케줄링일련번호 (FK)
977	441	최초등록자ID
561	441	기본목록SID
649	441	보존시설 (FK)
861	441	기능내역
466	441	수록담당자
960	441	최종수정일시
270	441	스케줄링일련번호
758	441	스토리지ID
845	441	전거레코드ID (FK)
482	441	FILE SIZE
778	441	실제재난여부
880	441	최종수정일시
181	442	이전태그ID
610	442	최종수정자ID
243	442	최초등록일시
331	442	셀일련번호 (FK)
533	442	최종수정일시
138	442	최종수정일시
649	442	복원의뢰서번호 (FK)
861	442	최초등록일시
977	442	최종수정일시
270	442	광매체수록시작일자
466	442	최초등록자ID
960	442	최종수정자ID
845	442	일련번호
482	442	제목
758	442	기록물상세ID
198	443	보존시설
994	443	직업명
511	443	최초등록자ID
610	443	최종수정일시
778	443	등록일시
880	443	최종수정자ID
561	443	작업종료여부
243	443	최종수정자ID
331	443	최초등록일시
533	443	스케쥴 완료일시
138	443	최종수정자ID
940	443	전거레코드ID
977	443	최종수정자ID
649	443	의뢰내역일련번호
861	443	최초등록자ID
466	443	최초등록일시
270	444	매체수록진행상태
198	444	의뢰서구분{처리,반출,반입}
482	444	최초등록자ID
994	444	직업코드
511	444	최초등록일시
561	444	FST_REGR_ID
243	444	최종수정일시
533	444	스케쥴 완료자ID
845	444	참고정보원
758	445	기록물오류코드
861	445	최종수정일시
977	445	OP_DESC
270	445	보존매체종류
466	445	최종수정자ID
331	445	재배치여부
482	445	최초등록일시
198	445	의뢰서번호
994	445	시작일
1009	445	전거레코드ID (FK)
511	445	최종수정자ID
561	445	FST_REG_DT
649	445	기록물제목
533	445	상태
758	446	기록물점검완료일시
845	446	최초등록일시
861	446	최종수정자ID
466	446	최종수정일시
674	446	보존시설 (FK)
690	446	보존시설 (FK)
181	446	태그발행기ID
198	446	스케줄링일련번호
331	446	최초등록자ID
482	446	최종수정자ID
994	446	종료일
1009	446	일련번호
940	446	기본유형(코드KH001)
511	447	최종수정일시
561	447	LST_UPDR_ID
649	447	기록물구분
533	447	선택여부
845	447	최초등록자ID
758	447	등록일시
690	447	복원처리서구분 (FK)
466	447	매체유형
674	447	복원처리서구분
331	448	최종수정자ID
482	448	최종수정일시
198	448	기본목록SID
994	448	최초등록일시
940	448	전거표목
561	448	LST_UPD_DT
649	448	권수
533	448	스케줄링상세유형
758	448	결과ID
845	448	최종수정일시
181	448	보존시설
466	448	수록상태
674	448	복원처리서번호
690	448	복원처리서번호 (FK)
1009	448	대등기관명
1024	448	전거레코드ID (FK)
245	449	서고기본정보일련번호
331	449	최종수정일시
482	449	파일갯수
198	449	고정형리더기ID
994	449	최초등록자ID
561	449	반출여부
649	449	페이지수
533	449	스캐닝스케줄링상태코드
845	449	최종수정자ID
181	450	설치위치
1009	450	대등기관명__10808
1024	450	일련번호
466	450	알레로요청번호
777	450	기록물점검ID
994	450	최종수정일시
561	450	RFID태그사용여부
649	450	이미지등록ID
533	450	스캐닝업로드경로구분코드
674	450	기본목록SID
690	450	기타사항
245	451	기록물유형
181	451	설치IP
198	451	이동일시
466	451	알레로작업오류메세지
1009	451	최초등록일시
777	451	스토리지ID
940	451	대등기관코드
994	451	최종수정자ID
649	452	처리상태(SV100)
113	452	관계지시기호
690	452	추가필요사항
1024	452	주요경력사항 OLD
533	452	스캐닝작업구분코드
674	452	세부목록SID
245	452	두께
181	452	설치PORT
198	452	최초등록일시
1009	452	최초등록자ID
777	453	기록물상세ID
940	453	기관차수
649	453	최초등록자ID
709	453	보존시설 (FK)
674	453	복원의뢰서번호 (FK)
690	453	처리기간_시작
1024	453	최초등록일시
245	453	최종수정자ID
181	453	비고
198	453	최초등록자ID
1009	453	최종수정일시
113	454	버전ID (FK)
777	454	기록물복구ID
940	454	기관역사
649	454	최초등록일시
709	454	복원처리서구분 (FK)
690	454	처리기간_끝
1024	454	최초등록자ID
135	454	버전ID
674	454	의뢰내역일련번호 (FK)
833	454	전거레코드ID (FK)
245	455	최종수정일시
181	455	사용여부
198	455	최종수정일시
1009	455	최종수정자ID
113	455	USE관계구분
777	455	기록물복구일시
940	455	법적상태
649	455	최종수정자ID
709	455	복원처리서번호 (FK)
674	456	페이지번호
690	456	복원실반입일자
1024	456	최종수정일시
833	456	일련번호
181	456	최초등록자ID
198	456	최종수정자ID
113	456	구분
135	456	생성일자
940	456	생성일자
649	457	최종수정일시
690	457	복원실반출일자
709	457	복원처리코드
1024	457	최종수정자ID
674	457	처리서작성일자
181	457	최초등록일시
113	458	표시순서
135	458	최종수정
833	458	비채택어종류
940	458	폐지일자
555	458	스케줄링일련번호
649	458	ALERO 아카이브키
674	458	처리서작성자ID
690	458	처리자ID
1024	458	주요경력사항
181	459	최종수정자ID
113	459	대응관계
709	459	처리내용
135	459	버전명
497	459	DVD관리번호
833	459	비채택어
940	459	본관
555	459	보존장소
649	459	외부기록물보존요청구분코드(SV163)
690	459	기록물인수자ID
448	459	스케줄링일련번호 (FK)
674	459	기타사항
181	460	최종수정일시
709	460	최초등록자ID
113	460	설명
135	460	버전설명
470	460	스케줄링일련번호
833	460	최초등록일시
940	460	출생지
555	460	장기보존매체관리번호
674	461	처리전이미지등록ID
690	461	기록물인계자ID
448	461	매체수록요청상세일련번호
497	461	DVD타입
113	461	최초등록일시
709	461	최초등록일시
135	461	버전구분
833	462	최초등록자ID
940	462	본적지
690	462	처리후이미지등록ID
674	462	처리상태
470	462	등록일시
497	462	수록용량
555	462	작업완료여부
709	462	최종수정자ID
113	463	최초등록자ID
135	463	최초등록일시
833	463	최종수정일시
940	463	작성기관
453	463	SID
674	463	최초등록자ID
690	463	최초등록자ID
470	463	DVD매체ID
497	464	여유공간
113	464	최종수정일시
555	464	반출의뢰여부
709	464	최종수정일시
135	464	최초등록자ID
833	464	최종수정자ID
940	464	작성규칙
690	464	최초등록일시
453	464	SID
674	464	최초등록일시
470	465	상태평가일자
497	465	최초등록자ID
555	465	RFID작업유무
113	465	최종수정자ID
135	465	최종수정일시
448	465	ALERO 아카이브키
940	465	현재상태(코드KH002)
674	466	최종수정자ID
690	466	최종수정자ID
470	466	매체수록시작일시
497	466	최초등록일시
289	466	보존장소 (FK)
555	466	최초등록자ID
135	466	최종수정자ID
307	467	이전매체관리번호 (FK)
448	467	폴더명
940	467	상세정도(코드KH003)
690	467	최종수정일시
269	467	매체등록일련번호
674	467	최종수정일시
248	467	매체등록일련번호
470	467	매체수록종료일시
648	467	보존시설
497	467	최종수정자ID
289	468	장기보존매체관리번호 (FK)
555	468	최초등록일시
307	468	서고일련번호 (FK)
448	468	파일명
334	468	롤일련번호 (FK)
940	468	작성언어
269	468	서고일련번호
674	468	처리전 ALERO 아카이브키
690	468	처리후 ALERO 아카이브키
248	468	서고일련번호
470	468	매체수록시도수
648	468	복원의뢰서번호
182	469	고정형리더기ID
203	469	기본목록SID
497	469	최종수정일시
1031	469	전거레코드ID (FK)
289	469	서고일련번호 (FK)
555	469	최종수정자ID
307	469	서가일련번호 (FK)
448	469	에러메세지
940	469	누락내용
334	469	서고일련번호 (FK)
269	469	서가일련번호
674	469	스케줄링일련번호
248	470	서가일련번호
470	470	에러메세지
203	470	발행등록년도
497	470	DVD위치
847	470	전거레코드ID (FK)
1031	470	일련번호
289	470	서가일련번호 (FK)
555	470	최종수정일시
307	470	셀일련번호 (FK)
334	470	서가일련번호 (FK)
940	470	비고
648	471	통합기관코드
182	471	보존시설
269	471	셀일련번호
248	471	셀일련번호
470	471	매체수록유형
203	471	발행등록월
497	471	DVD상태
1012	471	전거레코드ID (FK)
847	471	일련번호
289	471	셀일련번호 (FK)
875	472	전거레코드ID (FK)
940	472	주기사항
334	472	셀일련번호 (FK)
400	472	롤일련번호
648	472	생산년도
182	472	설치용도
269	472	최초등록일시
248	472	최초등록일시
1031	472	전거레코드ID(인물)
307	472	재배치여부
1012	472	일련번호
203	472	발행등록분기
497	472	기록물유형
852	473	(
855	473	KH006)
875	473	일련번호
940	473	기타내용
648	473	복원목적
182	473	설치위치
1031	473	직위
289	473	재배치여부
203	474	처리기관코드
307	474	최초등록자ID
497	474	저장매체종류
334	474	재배치여부
400	474	사용필름유형
269	474	재배치여부
852	474	SID
248	474	재배치여부
940	474	홈페이지주소
648	474	인계자명
995	474	전거레코드ID (FK)
1012	474	발생장소
182	474	설치위치_층
289	475	최초등록자ID
1031	475	이름
307	475	최초등록일시
896	475	전거레코드ID (FK)
203	475	생산년도
334	475	최초등록자ID
400	475	필름규격코드
497	475	저장매체일련번호
875	475	변경날짜
269	475	최초등록자ID
852	475	SID
248	475	최초등록자ID
426	475	SID (FK)
940	475	존재여부
648	476	인계일자
182	476	운용상태
995	476	일련번호
1012	476	최초등록일시
1031	476	업무시작일자
289	476	최초등록일시
916	476	전거레코드ID (FK)
203	476	기록물종류
307	476	최종수정자ID
875	476	변경규모
896	476	일련번호
334	476	최초등록일시
400	476	촬영방법{음화,양화}
847	476	연계전거레코드ID
269	477	최종수정자ID
248	477	최종수정자ID
940	477	예비삭제플래그
426	477	SID (FK)
982	477	전거레코드ID (FK)
648	477	기록물인수자ID
1012	477	최초등록자ID
182	477	고정형리더기IP
289	477	최종수정자ID
916	477	일련번호
1031	477	업무종료일자
307	477	최종수정일시
964	477	전거레코드ID (FK)
203	477	기록물종류명
875	477	변경내용
334	478	최종수정자ID
400	478	촬영기
421	478	롤일련번호 (FK)
847	478	최초등록일시
269	478	최종수정일시
995	478	작성구분코드
248	478	최종수정일시
940	478	예비삭제일시
982	478	일련번호
648	478	복원인수일자
182	478	고정형리더기PORT
896	478	국적명
1012	478	최종수정일시
1031	478	최초등록일시
289	478	최종수정일시
203	479	태그발행여부
875	479	최초등록일시
964	479	일련번호
334	479	최종수정일시
400	479	축소율
847	479	최초등록자ID
387	479	M/F복제번호
995	479	작성자소속기관
450	479	기본목록SID
916	479	관련자원의 표제
940	479	최초등록일시
648	479	최초등록자ID
896	479	시작일
1012	479	최종수정자ID
182	480	(정)담당자ID
421	480	시작컷
1031	480	최초등록자ID
203	480	태그미발행
875	480	최초등록자ID
400	480	편집자ID
847	480	최종수정일시
982	480	위치명
387	480	보관장소(SV019)
450	480	세부목록SID
995	480	작성자명
114	480	용어신청ID
916	480	관련자원의 식별자
940	480	최초등록자ID
648	481	최초등록일시
137	481	시로러스 용어ID
182	481	(정)담당자부서ID
896	481	종료일
964	481	종교명
1031	481	최종수정일시
421	481	종료컷
203	481	태그재발행
875	481	최종수정일시
400	481	촬영일자
847	481	최종수정자ID
982	481	위치코드
387	481	롤일련번호 (FK)
995	481	작성자연락처
450	482	스캐닝이력순번
916	482	관련자원의 유형
940	482	최종등록일시
137	482	사용자ID
648	482	최종수정자ID
896	482	최초등록일시
964	482	종교코드
182	482	(정)담당자SMS연락처
421	482	최초등록자ID
1031	482	최종수정자ID
114	482	신청용어
203	483	태그발행
875	483	최종수정자ID
400	483	촬영자ID
982	483	위치시작일
995	483	작업일
916	483	관계의 성격
940	483	최종등록자ID
648	483	최종수정일시
492	483	SID (FK)
137	483	상태
182	483	(부)담당자ID
896	483	최초등록자ID
964	483	시작일
387	483	복제수량
421	483	최초등록일시
450	484	작업일시
517	484	SID (FK)
400	484	감독관ID
982	484	위치종료일
995	484	최초등록일시
916	484	관계일
940	484	설치근거
137	484	이력일
648	484	외부기록물보존요청구분코드(SV163)
896	484	최종수정일시
964	484	종료일
492	485	SID (FK)
182	485	(부)담당자부서ID
203	485	최초등록일자
264	485	매체등록일련번호
421	485	최종수정자ID
279	485	매체등록일련번호
387	485	복제일자
114	485	신청자ID
450	485	이미지등록ID
517	485	SID (FK)
400	485	최초등록자ID
982	485	최초등록일시
248	485	매체등록일련번호
995	485	최초등록자ID
487	485	DVD관리번호 (FK)
473	485	SID (FK)
916	486	최초등록일시
940	486	생성일미상여부
314	486	M/F복제번호 (FK)
137	486	용어/관계구분
182	486	(부)담당자SMS연락처
203	486	최종수정일자
896	486	최종수정자ID
964	486	최초등록일시
264	486	서고일련번호
279	486	서고일련번호
387	486	복제자ID
421	486	최종수정일시
450	486	페이지수
114	486	처리자ID
518	486	ID
400	486	최초등록일시
982	486	최초등록자ID
248	486	서고일련번호
469	486	DVD관리번호 (FK)
995	486	최종수정일시
916	487	최초등록자ID
940	487	폐지일미상여부
137	487	관계지시기호
314	487	보관장소 (FK)
964	487	최초등록자ID
182	487	유출방지용IP주소1
203	487	기본목록SID카운트
264	487	서가일련번호
279	487	서가일련번호
387	487	최초등록자ID
512	487	페이지수
114	487	삭제자ID
450	487	파일크기
487	487	디렉토리명
400	488	최종수정자ID
982	488	최종수정일시
248	488	서가일련번호
995	488	최종수정자ID
916	488	최종수정일시
940	488	조직연혁
314	488	롤일련번호 (FK)
182	488	유출방지용PORT1
203	488	발행일시
964	488	최종수정일시
264	488	셀일련번호
279	488	셀일련번호
387	488	최초등록일시
469	488	디렉토리명
512	488	파일크기
450	489	이미지이상여부
114	489	신청일
487	489	수록자ID
400	489	최종수정일시
982	489	최종수정자ID
137	489	작업용어
248	489	셀일련번호
916	489	최종수정자ID
940	489	기타내용__11391
314	489	서고일련번호 (FK)
964	489	최종수정자ID
182	490	유출방지용IP주소2
203	490	생산기관명
469	490	수록자ID
279	490	최초등록일시
387	490	최종수정자ID
114	490	처리일자
450	490	조사자ID
487	490	수록일자
400	490	M/F위치
137	490	최초등록일시
264	490	재배치여부
314	491	서가일련번호 (FK)
182	491	유출방지용PORT2
203	491	통계집계일시
248	491	재배치여부
387	491	최종수정일시
469	491	수록일자
512	491	조사자ID
450	491	조사일자
114	491	삭제일
487	491	최초등록자ID
400	491	상태
137	491	최초등록자ID
264	492	최초등록자ID
279	492	재배치여부
314	492	셀일련번호 (FK)
182	492	경광등 IP
203	492	최초등록자ID
469	492	최초등록자ID
248	492	최초등록자ID
512	492	조사일자
114	492	대응영어
450	492	연결정보등록구분
487	492	최초등록일시
137	493	최종수정일시
264	493	최초등록일시
279	493	최초등록자ID
182	493	경광등 PORT
203	493	최종수정자ID
248	494	최초등록일시
469	494	최초등록일시
512	494	원문연결번호
450	494	ALERO 아카이브키
114	494	대응일본어
487	494	최종수정자ID
137	494	최종수정자ID
314	494	재배치여부
264	494	최종수정자ID
279	494	최종수정자ID
182	495	가동상태
469	495	최종수정자ID
248	495	최종수정자ID
512	495	최초등록자ID
114	495	대응중국어
450	495	대용량TIF존재유무
487	495	최종수정일시
314	495	최초등록자ID
264	495	최종수정일시
279	496	최종수정일시
182	496	가동상태변경사유
248	496	최종수정일시
469	496	최종수정일시
450	496	대용량ALERO아카이브키
114	496	대응프랑스어
487	496	DVD수록 네트워크 드라이브
314	497	최초등록일시
419	497	M/F복제처리서번호
182	497	최초등록일시
469	497	DVD수록네트워크드라이브
512	497	최종수정자ID
114	497	대응독일어
450	497	최초등록자ID
314	498	최종수정자ID
419	498	보관장소
182	498	최초등록자ID
512	499	최종수정일시
450	499	최초등록일시
114	499	신청횟수
314	499	최종수정일시
419	499	통합기관코드
182	500	최종수정일시
114	500	대응외국어
196	500	무단반출제외요청ID
450	500	최종수정자ID
512	500	ALERO
419	501	롤일련번호
182	501	최종수정자ID
512	501	대용량TIF존재유무
450	501	최종수정일시
114	501	스타일
196	501	태그ID
419	502	점검일자
182	502	경광등종류
512	502	대용량ALERO아카이브키
114	503	기타언어
139	503	한글
196	503	최초등록일시
182	503	(부2)담당자ID
139	504	한자
114	504	DB명
419	504	이상유무
196	505	최초등록자ID
182	505	(부2)담당자부서ID
114	505	카테고리ID
419	505	조치내용
196	506	최종수정일시
182	506	(부2)담당자SMS번호
114	506	최초등록일시
419	506	최초등록자ID
196	507	최종수정자ID
182	507	(부3)담당자ID
114	508	최초등록자ID
419	508	최초등록일시
182	509	(부3)담당자부서ID
114	509	최종수정일시
419	509	최종수정자ID
182	510	(부3)담당자SMS번호
114	510	최종수정자ID
419	510	최종수정일시
139	511	한글
139	512	한자
1029	514	열람신청번호
199	514	무단반출제외요청ID
1029	516	ARC_EQU_COD
199	516	요청부서
189	517	ID
1029	517	열람신청접수구분
703	517	기관코드
729	517	기관코드
199	518	요청자ID
182	518	태그ID
760	518	처리서번호
872	519	원문다운로드스케줄ID
1029	519	청구구분:01=개인, 02=기관
703	519	변환요청작업ID
729	519	변환요청작업ID
199	519	요청사유코드
786	519	복제본번호
1029	520	청구서구분
260	520	보존시설 (FK)
703	520	저장된파일ID
895	520	원문다운로드스케줄ID (FK)
199	520	기타요청사유
760	520	처리서구분
283	520	보존시설
242	521	보존시설 (FK)
847	521	SEQNO
872	521	원문다운로드요청일시
729	521	변환요청작업구분
660	521	SID (FK)
786	521	복제구분
680	521	SID (FK)
1029	521	접수일자
895	521	기본목록SID
199	521	요청시작일시
760	521	기본목록SID
266	522	(FK)
847	522	TABLE_NAME
922	522	불복구제신청번호
655	522	매체지정
703	522	변환대상원문파일ID
729	522	파라미터XML
872	522	원문다운로드스케줄명
786	522	기록물철SID
941	522	비공개신청번호
248	522	(FK)
680	522	SID (FK)
1029	522	INSP_RECP_NO
182	522	최초등록일시
260	522	의뢰서번호 (FK)
199	523	요청마감일시
760	523	세부목록SID
847	523	VDKKEY
283	523	의뢰서번호
832	523	기본목록SID
242	523	의뢰서번호 (FK)
655	523	매체번호
675	523	상태평가일자
872	523	원문다운로드요청자ID
703	523	변환서버로저장된파일명
729	523	기록물철ID
895	523	관리번호
786	523	기록물건SID
980	523	유형별청구일련번호
182	524	최초등록자ID
922	524	ARC_EQU_COD
1029	524	청구인성명
260	524	스케줄링일련번호 (FK)
199	524	최초등록일시
760	524	복원의뢰서번호
283	524	스케줄링일련번호 (FK)
847	524	작업구분
941	524	ARC_EQU_COD
832	524	세부목록SID
242	524	스케줄링일련번호 (FK)
655	524	상태평가일자
961	524	정보공개청구서일련번호
703	524	저장된파일용량단위
729	524	기록물건ID
872	524	원문다운로드스케줄상태코드
895	524	전체기록물건수량
1006	524	열람신청번호 (FK)
786	525	건별복제연번
1029	525	청구인주민등록번호
182	525	최종수정일시
922	525	EXCP_RECP_SCT
199	525	최초등록자ID
675	525	조사자ID
760	525	의뢰서구분
265	525	SID (FK)
303	525	보존시설 (FK)
832	525	철건구분코드(1:철,2:건)
941	525	NOPN_RECP_SCT
980	525	유형구분
847	526	REG_DATE
872	526	전자기록물원문다운로드여부
703	526	저장매체유형
729	526	목표저장매체유형
895	526	다운로드요청기록물건수량
1006	526	열람신청목록순번
246	526	SID (FK)
786	526	요청번호
182	526	최종수정자ID
283	526	의뢰부서(그룹조직코드 6자리)
922	526	이의신청코드
1029	526	공문수신자명
1056	526	기본목록SID
199	526	최종수정일시
655	526	조사자ID
961	526	열람시설구분
675	526	훼손특이사항
760	526	사이즈1
941	527	비공개신청구분
832	527	색인완료여부
980	527	내용별
703	527	저장매체상세유형
729	527	목표저장매체상세유형
872	527	전자기록물PDF다운로드여부
895	527	다운로드완료기록물건수량
309	527	(FK)
786	527	요청구분일련번호
422	527	요청일련번호
1029	527	공문시행번호
283	527	의뢰자ID
922	527	NOPN_RECP_NO
1056	527	세부목록SID
199	528	최종수정자ID
242	528	미반입사유
655	528	훼손특이사항
961	528	접수구분
675	528	최초등록자ID
760	528	사이즈2
1006	528	목록선정코드
303	528	의뢰서번호 (FK)
832	528	등록일시
941	528	비공개청구구분
980	528	내용별상세
872	528	전자화기록물보존파일다운로드여부
260	528	보류내용
703	528	작업상태
729	528	변환서버IP
895	528	다운로드오류기록물건수량
786	528	스케줄번호
283	529	의뢰일자
922	529	접수일자
1029	529	공문시행일자
1056	529	요청구분코드
199	529	태그발행유형
242	529	반입예정일자
655	529	최초등록자ID
961	529	접수번호
675	529	최종수정자ID
760	529	사이즈3
481	529	SID (FK)
941	529	비공개청구서구분
1006	529	기록물철기본SID
303	529	스케줄링일련번호 (FK)
832	529	최초등록일시
980	529	결정구분
872	529	전자화기록물열람파일다운로드여부
427	530	SID (FK)
260	530	최초등록자ID
703	530	변환실패시발생한에러코드
729	530	작업상태
786	530	복제페이지
895	530	최초등록자ID
1029	530	공문접수번호
283	530	반출목적(US002)
922	530	RECP_NO
1056	530	요청일자
242	530	작성자부서
655	530	최초등록일시
961	530	이름
675	530	최초등록일시
760	530	사이즈4
481	530	SID (FK)
1006	530	기록물건세부SID
422	530	요청일시
832	530	최초등록자정보
941	530	비공개접수일자
980	530	비공개사유
872	531	다운로드파일PDF통합여부
308	531	SID (FK)
260	531	최초등록일시
703	531	변환실패시발생한에러코드상세내용
729	531	포맷변환작업시작시간
895	531	최초등록일시
392	531	일련번호
786	531	가로
283	531	반입예정일자
922	531	신청자이름
1029	531	공개여부기술
1056	531	최종수정일시
242	531	작성자ID
655	531	최종수정자ID
961	531	우편번호1
463	532	SID (FK)
675	532	최종수정일시
760	532	복원처리시작일시
941	532	NOPN_RECP_NO
1006	532	MF순번
422	532	요청자ID
832	532	최종수정일시
980	532	유형별청구건수
872	532	다운로드파일워크마크적용여부
260	532	최종수정자ID
476	532	이미지등록ID
703	532	작업시작시간
729	532	포맷변환작업완료시간
786	532	세로
895	532	최종수정자ID
392	532	기본SID
1029	532	공문기안자
283	532	기록물인수자ID
922	532	신청자주민등록번호
242	533	최초등록자ID
655	533	최종수정일시
961	533	우편번호2
675	533	MATI_CONTS
760	533	복원처리종료일시
1006	533	기록물철관리번호
422	533	요청자명
832	533	최종수정자정보
941	533	청구인성명
980	533	유형별청구매수
459	533	파일명
872	533	원문다운로드요청사유내용
476	533	등록파일명
703	533	작업완료시간
729	533	변환실패시발생한에러코드
895	533	최종수정일시
392	533	상세SID
786	533	높이
283	534	기록물인수일자
922	534	신청인주소
1029	534	공문심사자
303	534	보류내용
242	534	최초등록일시
655	534	재질상태설명
961	534	주소
675	534	INK_CONTS
760	534	복원처리소요일
941	534	청구인직위명
1006	534	기록물건세부번호
422	534	요청내용
980	534	정보공개청구서일련번호 (FK)
459	534	등록파일명
847	534	뷰테이블명
872	535	원문다운로드방문열람여부
260	535	정리인수반려여부
476	535	페이지수
729	535	변환실패시발생한에러코드상세내용
786	535	종이두께
1029	535	공문결재자
283	535	반출처리자ID
303	535	최초등록자ID
922	535	신청인우편번호
242	535	최종수정자ID
655	535	잉크상태설명
961	535	상세주소
675	535	스케줄링일련번호
760	535	인수일시
1006	535	기록물건세부연결번호
392	535	시작최종변경일시
422	535	디지털화작업일시
941	535	청구인주민등록번호
847	536	색인키값
459	536	파일크기
872	536	원문다운로드스케줄비고
476	536	파일크기
729	536	요청등록일자
786	536	재질-SV149
283	536	반출처리일자
922	536	신청인상세주소
1029	536	공문결재일자
303	536	최초등록일시
242	536	최종수정일시
655	536	보존처리전이미지ID
961	536	주민등록번호1
760	537	인수자ID
941	537	청구인직위
1006	537	생산년도
392	537	종료최종변경일시
422	537	CMS수신여부
459	537	원문연결번호
847	537	작업구분
872	537	최초등록자ID
476	537	시작영역
729	537	목표파일이름
786	537	복제매수
1029	537	공문제목
283	538	최초등록자ID
303	538	최종수정자ID
922	538	신청인전화번호
655	538	보존처리후이미지ID
961	538	주민등록번호2
760	538	원본인계자ID
1006	538	종료년도
392	538	변경구분코드(U:수정, D:삭제)
422	538	CMS전송여부
941	538	DEMDR_ADDR
459	538	최초등록자ID
872	538	최초등록일시
115	538	UCI
133	538	UCI (FK)
476	538	끝영역
729	538	문서관계구분
786	538	원본인수일
283	539	최초등록일시
922	539	신청인모사전송번호
1029	539	단체명
655	539	처리기간_끝
961	539	사업자등록번호1
760	539	원본인계일시
705	539	기관코드
941	539	DEMDR_ZIPCODE
1006	539	생산기관코드
392	539	동기화상태(0:대기, 1:성공, 2:실패)
422	539	CMS수신ID
459	539	최초등록일시
872	540	최종수정자ID
133	540	철일련번호
476	540	원문연결번호
729	540	첨부SID
786	540	원본인수자ID
895	540	원문다운로드스케줄ID (FK)
1029	540	단체등록번호
283	540	최종수정자ID
303	540	정리인수반려여부
922	540	신청인전자우편주소
655	540	처리상태
961	540	사업자등록번호2
760	540	복제인계자ID
115	540	기록물생산기관코드
1006	540	생산기관명
392	541	오류메세지
422	541	FST_REGR_ID
941	541	DEMDR_DADDR
459	541	최종수정자ID
872	541	최종수정일시
476	541	최초등록자ID
729	541	파일경류
786	541	원본반납일
895	541	기본목록SID (FK)
980	541	열람기록물정보일련번호
283	541	최종수정일시
705	541	기관코드별변환처리비율
922	541	단체명
1029	541	청구인주소
303	541	삭제자ID
655	541	처리서작성일시
961	541	사업자등록번호3
760	542	복제인계일시
115	542	저작권구분
133	542	원본데이터
941	542	청구인TEL번호
1006	542	기록물철제목
1056	542	기본목록SID
392	542	최초등록일자
422	542	FST_REG_DT
459	542	최종수정일시
476	542	최초등록일시
786	542	원본반납자ID
895	542	세부목록SID
1029	542	청구인우편번호
303	543	삭제일자
922	543	단체등록번호
655	543	보존처리일시
961	543	전화번호1
760	543	비고1
290	543	(SV099)
115	543	저작권URL
133	543	전자서명
240	543	보존시설
1006	543	제목
1056	543	요청구분코드
392	543	최초등록자
422	543	LST_UPDR_ID
941	543	DEMDR_FAXNO
980	543	관리번호
459	543	파일위치및상태
476	543	최종수정자ID
786	544	복제본인수일
283	544	정리의뢰시 POSITION
922	544	공개비공개내용
1029	544	청구인상세주소
303	544	삭제사유
655	544	보존처리자ID
961	544	전화번호2
760	544	비고2
133	544	URL
240	544	의뢰서구분
941	544	DEMDR_EMAIL
1006	544	문서유형코드
1056	544	요청일자
392	544	최종수정일자
422	544	LST_UPD_DT
895	544	건번호
980	544	건번호
459	544	ALERO 아카이브키
261	545	보존시설
476	545	최종수정일시
786	545	복제본인수자ID
1029	545	청구인전화번호
283	545	정리인수반려사유CLOB
922	545	통지서수령유무
655	545	보존처리번호
961	545	전화번호3
760	545	비고3
133	545	URL구분
240	545	의뢰서번호
1006	545	소장위치 : A=서울, B=부산, C=대전
1056	545	최종수정일시
392	546	최종수정자
895	546	건연결번호
941	546	대리인성명
980	546	정보공개청구서일련번호 (FK)
680	546	SID (FK)
459	546	타임정보변환여부
476	546	ALERO 아카이브키
786	546	복제본인계일
283	546	TERM
922	546	ADV_ACPT_YMD
1029	546	청구인모사전송번호
707	546	변환서버IP
655	547	보존처리전이미지ID__32644
961	547	핸드폰번호1
760	547	비고4
115	547	UCI부여일시
133	547	UCI부여일시
240	547	스케줄링일련번호
941	547	대리인직위
1006	547	기록물쪽수
680	547	SID (FK)
895	547	전자기록물여부
980	547	컨텐츠시스템접수아이디
459	547	파일확장자
261	547	의뢰서번호
476	547	시작시간
786	547	복제본인계자ID
1029	547	청구인전자우편주소
283	548	삭제자ID
922	548	이의신청이유
655	548	보존처리후이미지ID__32646
707	548	변환서버PORT
961	548	핸드폰번호2
675	548	상태평가일자 (FK)
760	548	비고5
115	548	첨부파일ID
133	548	첨부파일ID
240	548	이관매체등록일련번호
1006	548	ELEC_NELEC_SCT
895	548	ALERO아카이브키
941	548	대리인직위명
980	548	접수일자
459	548	ALERO등록오류메시지
261	548	스케줄링일련번호 (FK)
476	548	끝시간
786	549	기타주기사항
283	549	삭제일자
922	549	접수자ID
1029	549	열람정보내용
733	549	날짜형식
961	549	핸드폰번호3
760	549	FST_REGR_ID
115	549	첨부파일명
133	549	첨부파일명
941	549	기관코드
1006	549	SPAGE
895	549	대용량ALERO아카이브키
980	549	반출신청서번호
459	550	서비스ALERO아카이브키
476	550	파일확장자
707	550	변환서버요청주기
786	550	원본이미지
305	550	보존시설 (FK)
392	550	요청일련번호
240	550	처리상태
1029	550	열람공개형태
283	550	삭제사유
922	550	당초결정기한일자
961	550	팩스번호1
733	550	날짜
760	550	FST_REG_DT
115	550	파일구분코드
133	550	파일구분코드
261	550	의뢰부서
1006	550	EPAGE
425	551	보존시설 (FK)
895	551	NEO아카이브키
941	551	기관명
980	551	반입신청서번호
707	551	상태
392	551	기본목록SID
786	551	원본페이지수
240	551	보류내용
922	551	연장사유
1029	551	기타공개형태
311	551	(FK)
675	552	조사항목관련코드
961	552	팩스번호2
760	552	LST_UPDR_ID
115	552	진행여부
261	552	의뢰자ID
847	552	스케줄링일련번호
941	552	전화번호
1006	552	선택페이지
425	552	앨범번호 (FK)
895	552	기록물건다운로드상태코드
980	552	스케줄링일련번호
707	552	상태업데이트시간
786	552	복제본이미지
305	552	의뢰서번호 (FK)
392	552	세부목록SID
240	553	최초등록자ID
1029	553	열람수령방법
922	553	연장결정기한
961	553	팩스번호3
675	553	기타내용
831	553	MF순번
261	553	의뢰일자
760	553	LST_UPD_DT
847	553	기본목록SID
1006	553	SCAN_FSH
895	553	최초등록자ID
941	553	청구인관계
430	553	SID (FK)
305	554	스케줄링일련번호 (FK)
786	554	복제본페이지수
240	554	최초등록일시
922	554	기타안내사항
1029	554	기타수령방법
675	554	최초등록자ID
961	554	전자우편주소1
760	554	복원전아카이브키
261	554	반출목적(US002)
847	554	세부목록SID
941	554	담당공무원직급
1006	554	MF_FSH
392	554	요청구분코드
895	554	최초등록일시
786	555	최초등록자ID
305	555	M/F복제번호 (FK)
831	555	MF부처명
240	555	최종수정자ID
1029	555	열람시청여부
922	555	공개구분코드
425	555	최초등록자ID
961	555	전자우편주소2
675	555	최초등록일시
261	556	반입예정일자
760	556	복원후아카이브키
847	556	첨부일련번호
1006	556	RECORD_CENTER_FLAG
482	556	SID (FK)
392	556	요청일자
895	556	최종수정자ID
941	556	담당공무원성명
305	556	롤일련번호 (FK)
786	556	최초등록일시
831	556	MF기관코드
240	556	최종수정일시
922	556	승인여부
1029	556	사본출력여부
425	556	최초등록일시
675	557	최종수정자ID
961	557	정보내용
760	557	스케줄링일련번호
482	557	SID (FK)
261	557	기록물인수자ID
705	557	기관코드
847	557	다운로드일련번호
941	557	열람정보내용
1006	557	PDF_A1_TRANS_FLAG
392	557	수신일자
895	557	최종수정일시
786	557	최종등록자ID
305	557	보관장소 (FK)
831	557	MF기록물명
240	558	반환여부
1029	558	전자파일여부
1068	558	SID
922	558	이의사건명
425	558	최종수정자ID
478	558	대표화면일련번호
961	558	공개형태
675	558	최종수정일시
261	558	기록물인수일자
705	558	변환요청작업ID
1006	558	공개구분코드
941	558	공개형태
392	558	요청상태코드
1063	559	등록날짜
786	559	최종등록일시
831	559	MF공문서분류
847	559	사용자ID
922	559	이의주문내용
1029	559	복제인화여부
425	559	최종수정일시
872	559	원문다운로드스케줄ID (FK)
961	559	공개형태기타
261	559	반출처리자ID
705	559	변환대상원문파일ID
941	559	열람시청여부
981	559	결재상신일련번호
1006	559	공문서분류명
660	559	SID (FK)
305	559	처리상태
392	559	오류정보
478	560	시작영역
1063	560	비고-등록사유
831	560	MF생산년도
847	560	사용자IP
1029	560	공개기타여부
922	560	결정통지일자
655	560	매체지정 (FK)
961	560	수령방법
872	560	압축파일순번
261	561	반출처리일자
1006	561	MF수록순번
326	561	보존시설 (FK)
941	561	사본출력여부
305	561	보류내용
392	561	스케줄링번호
733	561	변환서버IP
478	561	끝영역
831	561	MF종결년도
705	561	처리순서
847	561	파일명
922	561	결정구분코드
981	561	수신자아이디
1029	561	직접방문여부
655	562	매체번호 (FK)
961	562	수령방법기타
261	562	최초등록자ID
941	562	전자파일여부
1006	562	MF문서번호
305	562	최초등록자ID
392	562	최초등록일자
331	562	(FK)
478	562	최초등록자ID
831	562	MF수록번호
872	562	압축파일명
705	563	변환대상원문파일명
847	563	최초등록자ID
1029	563	우편여부
922	563	이의신청결과코드
981	563	경유자아이디
655	563	상태평가일자 (FK)
961	563	수수료감면해당여부
261	563	최초등록일시
733	563	워커이름
1006	563	MF필름번호
326	563	의뢰서번호 (FK)
941	563	복제인화여부
305	563	최초등록일시
392	563	최초등록자ID
675	563	기본목록SID
427	563	보존시설
894	563	원문다운로드스케줄ID (FK)
478	564	최초등록일시
831	564	MF문서넘버
872	564	압축파일경로
241	564	보존시설
705	564	변환대상원문저장파일경로명
847	564	최초등록일시
922	564	NOPN_RS_COD
981	564	결재상신_제목
1029	564	모사전송여부
961	564	수수료감면사유
733	564	워커유형
261	564	최종수정자ID
326	564	스케줄링일련번호 (FK)
941	564	공개기타여부
1006	564	MF단위기관명
660	564	(SV079)
305	564	최종수정자ID
392	564	최종수정일자
427	565	앨범번호
894	565	기본목록SID  (FK)
478	565	최종수정자ID
831	565	서울함번호
872	565	압축파일사이즈
241	565	의뢰서구분
705	565	변환대상원문파일용량
847	565	최종수정자ID
1029	565	전자우편여부
922	565	DECS_NOPN_RS
981	565	결재상신_본문
675	565	상태평가일자
961	565	수수료총합계
261	566	최종수정일시
733	566	상태
1006	566	MF함구분코드
326	566	이전매체관리번호 (FK)
941	566	기타공개형태
305	566	최종수정일시
392	566	최종수정자ID
894	566	세부목록SID  (FK)
478	566	최종수정일시
831	566	필름번호
872	566	다운로드여부
241	566	의뢰서번호
705	566	저장매체유형
847	566	최종수정일시
922	566	결정담당부서
981	566	결재상신_일시
1029	566	수령기타여부
675	567	조사자ID
427	567	최초등록자ID
655	567	조사재질분량
961	567	할인액
941	567	수령방법
1006	567	MF함번호
760	567	처리값
894	567	다운로드파일일련번호
268	567	(SV099)
478	567	대표화면시점시간
831	567	단위기관명
872	567	다운로드압축파일삭제여부
241	568	스케줄링일련번호
705	568	저장매체상세유형
1029	568	열람희망일자
326	568	처리상태
922	568	EXCP_REQPROC_SCT
981	568	정보공개청구서일련번호 (FK)
655	568	조사재질변색
675	568	훼손특이사항
961	568	결제요청금액
427	568	최초등록일시
261	568	정리의뢰시 POSITION
1006	568	목록신청구분
941	568	직접방문여부
831	569	부산함번호
872	569	최초등록자ID
241	569	해외매체등록일련번호
326	569	보류내용
922	569	EXCP_REQPROC_RST
1029	569	결정담당부서
675	569	스케줄링일련번호
427	569	최종수정자ID
655	569	조사내용
894	569	ALERO아카이브키
961	569	등록자아이디
261	569	정리인수반려사유CLOB
941	569	우편여부
1006	569	목록승인여부
831	570	웹이전구분
872	570	최초등록일시
1029	570	결정구분코드
326	570	최초등록자ID
922	570	EXCPADM_EVNT_NM
655	570	기타내용
675	570	최초등록자아이디
961	570	등록일시
1068	570	bsid
427	570	최종수정일시
894	570	ALERO페이지순번
261	571	반출기간
1006	571	의뢰DIV코드(US068)
941	571	모사전송여부
241	571	처리상태
831	571	대전함번호
872	571	최종수정자ID
326	571	최초등록일시
922	571	EXCPADM_HDL_YMD
1029	571	결정공개내용
675	572	최초등록일시
655	572	최초등록자ID
894	572	다운로드파일유형구분코드
961	572	공개일자
1068	572	dsid
941	572	전자우편여부
1006	572	공개결정여부
241	572	보류내용
831	573	MF함구분코드
872	573	최종수정일시
847	573	일련번호
1029	573	결정비공개사유
1063	573	등록날짜
326	573	최종수정자ID
922	573	EXCPADM_DEMDR_NM
655	573	최초등록일시
675	573	최종수정자아이디
961	573	접수일자
982	573	사용자_결재일련번호
894	573	다운로드파일명
1006	573	공개결정코드
941	573	수령기타여부
241	573	최초등록자ID
197	574	기본목록SID
831	574	MF함번호
326	574	최종수정일시
922	574	EXCPADM_CLMR_NM
1029	574	결정통지일자
1063	574	비고-등록사유
675	574	최종수정일시
655	574	최종수정자ID
894	574	다운로드파일경로
961	574	청구방법
941	574	기타수령방법
1006	574	목록공개여부
241	575	최초등록일시
847	575	작업일시
197	575	시뮬레이션일련번호
982	575	결재자아이디
831	575	비고
1029	575	처리공개일자
922	575	EXCPADM_DMND_CONT
185	575	시뮬레이션명
655	575	최종수정일시
675	575	CNT_ASIS
961	575	결정통지일
894	576	다운로드파일사이즈
306	576	보존시설 (FK)
1006	576	공개대상코드
941	576	청구목적코드
241	576	최종수정자ID
847	576	작업구분코드
982	576	결재권자구분
831	576	최초등록자ID
922	576	EXCPADM_REQ_GIST
1029	576	처리공개방법
185	577	시뮬레이션종류
675	577	CNT_11
894	577	다운로드상태코드
961	577	청구내용
197	577	기록물유형
941	577	청구목적_01
1006	577	공개방법코드
241	577	최종수정일시
847	577	사용자ID
312	577	(FK)
982	577	등록자아이디
831	578	최초등록일시
1029	578	수수료감면해당여부
922	578	이의신청이유2
185	578	비고
675	578	CNT_N1_ASIS
961	578	진행단계
894	578	다운로드파일생성오류내용
197	578	보존시설
306	578	의뢰서번호 (FK)
1006	578	사본종류코드
941	578	청구목적_02
847	579	사용자명
982	579	등록일시
831	579	최종수정자ID
922	579	CMS_RCV_FLAG
1029	579	수수료감면사유
185	579	시뮬레이션일련번호
675	579	CNT_N1_TOBE
894	579	최초등록자ID
961	579	비고
197	579	서고일련번호
306	579	스케줄링일련번호 (FK)
941	579	청구목적_03
1006	579	인화종류코드
847	580	사용자처리과코드
283	580	보존장소 (FK)
982	580	사용자ID
831	580	최종수정일시
1029	580	수수료감면액
922	580	CMS_SND_FLAG
185	580	최종시뮬레이션일자
675	580	CNT_1N_ASIS
961	580	결재상신여부
894	581	최초등록일시
197	581	서가일련번호
306	581	DVD관리번호 (FK)
1006	581	사본인화수량
941	581	청구목적_04
847	581	사용자처리과명
283	581	보존시설 (FK)
982	581	승인자부서코드
421	582	이전매체관리번호
1029	582	열람우송료
185	582	최초등록자ID
675	582	CNT_1N_TOBE
922	582	CMS_RCV_ID
471	582	매체이전관리번호
507	582	DVD관리번호 (FK)
526	582	DVD관리번호
894	582	최종수정자ID
961	582	유형별선정정보
442	582	SID (FK)
197	582	련번호
941	582	수수료감면해당여부
1006	582	기타공개방법
847	582	기본목록SID
982	582	승인자부서명
306	583	처리상태
438	583	매체이전일자
654	583	기본목록SID
1029	583	총수수료
289	583	(FK)
922	583	비고
1063	583	점검년월일
185	583	최초등록일시
471	583	정수점검일자
526	583	정수점검일자
675	583	CNT_0_TOBE
961	583	컨텐츠시스템접수아이디
507	583	서고일련번호 (FK)
894	583	최종수정일시
197	583	단번호
1006	583	결정담당부서
941	583	감면사유코드
487	584	장기보존시설
847	584	세부목록SID
283	584	의뢰서번호 (FK)
982	584	승인자조직코드
426	584	SID (FK)
654	584	상태평가일자
306	584	보류내용
1029	584	열람결정여부
185	584	최종수정자ID
675	584	CNT_TOT_TOBE
922	584	최초등록자ID
1063	584	점검파일명
507	584	서가일련번호 (FK)
961	584	결정구분
941	585	감면사유_01
1006	585	결정구분코드
421	585	매체이전일자 (FK)
438	585	소스매체유형
487	585	장기보존매체관리번호
847	585	기록물철제목
283	585	스케줄링일련번호 (FK)
471	585	이상유무
526	585	이상유무
982	585	승인자조직명
306	585	최초등록자ID
654	585	개정조사코드(SV154)
1029	585	담당자ID
922	585	최초등록일시
1063	585	기록물철SID
185	585	최종수정일시
675	585	CNT_EXCEPTION
961	585	비공개사유
507	586	셀일련번호 (FK)
1006	586	결정공개내용
941	586	감면사유_02
421	586	처리자ID
438	586	타겟매체유형
487	586	변환파일ID
847	586	제목
283	586	장기보존매체관리번호 (FK)
471	586	조치내용
526	586	조치내용
982	586	승인자사용자명
306	587	최초등록일시
1029	587	열람공개장소
185	587	두께
922	587	최종수정자ID
1063	587	기록물건SID
961	587	BYTYPE_MAESU
941	587	감면사유_03
1006	587	비공개사유코드
421	587	보존처리일자
438	587	매체이전내용
487	587	장기보존매체수록일자
654	587	조사결과코드값
847	587	작업결과코드
471	588	최초등록자ID
526	588	최초등록자ID
982	588	승인자직위
507	588	재배치여부
306	588	최종수정자ID
830	588	다운로드일련번호
1029	588	열람공개일시
922	588	최종수정일시
185	588	수량
961	588	BYTYPE
283	588	처리상태
1006	588	결정비공개사유
941	588	감면사유기타
654	588	조사결과하위코드값
421	589	최초등록자ID
438	589	최초등록자ID
487	589	장기보존매체수록자ID
847	589	작업오류내역
1063	589	오류코드
471	589	최초등록일시
526	589	최초등록일시
982	589	승인자메일주소
507	589	최초등록자ID
306	589	최종수정일시
1029	589	구술청취직급코드
283	590	보류내용
675	590	기본목록SID
941	590	열람결정여부
1006	590	결정통지일자
421	590	최초등록일시
438	590	최초등록일시
487	590	최초등록자ID
654	590	기타내용
830	590	요청자명
847	590	SQL_COD
1063	590	최초등록일시
471	590	최종수정자ID
526	590	최종수정자ID
507	590	최초등록일시
1029	590	구술청취사용자ID
283	591	최초등록자ID
675	591	상태평가일자
1006	591	처리공개일자
941	591	비공개사건명
654	591	최초등록일시
421	591	최종수정자ID
438	591	최종수정자ID
487	591	최초등록일시
830	591	관리번호
847	591	SQL_MSG
1063	591	최초등록자ID
471	591	최종수정일시
526	591	최종수정일시
507	591	최종수정자ID
1029	592	구술청취사용자명
283	592	최초등록일시
941	592	비공개주문내용
1006	592	OPN_DECS_TERM
421	592	최종수정일시
438	592	최종수정일시
487	592	최종수정자ID
654	592	최초등록자아이디
830	592	파일명
847	592	비고
682	592	(SV067)
1063	592	최종수정일시
507	593	최종수정일시
1029	593	구술구분코드
283	593	최종수정자ID
1006	593	처리공개방법
941	593	결정담당부서
654	594	최종수정일시
421	594	매체위치
487	594	최종수정일시
830	594	요청IP
1063	594	최종수정자ID
675	594	처리분류(SV147)
1029	594	구술기관코드
283	595	최종수정일시
941	595	결정구분코드
1006	595	열람내용코드
421	595	매체상태
654	595	최종수정자아이디
830	595	다운로드일시
192	595	시뮬레이션일련번호
981	595	열람신청번호 (FK)
1029	595	구술기관명
1006	596	열람수수료
941	596	NOPN_RS_COD
830	596	요청자소속기관
192	596	기본목록SID
307	596	보존시설 (FK)
981	597	열람신청목록순번 (FK)
1029	597	구술직급코드
1006	597	파일연결번호
941	597	DECS_NOPN_RS
830	597	다운로드사유
313	598	(FK)
981	598	TINOUT_SCT_COD
1029	598	구술사용자ID
192	598	보존시설
1006	598	UNREG_YN
941	598	결정통지일자
307	599	의뢰서번호 (FK)
981	599	반출의뢰일자
1029	599	구술사용자명
192	599	서가일련번호
962	599	코드ID
1006	600	CMS_RCV_FLAG
941	600	담당자ID
307	600	스케줄링일련번호 (FK)
1029	600	구술청구인명
962	601	코드
192	601	서고일련번호
1006	601	CMS_SND_FLAG
1064	601	오류확인일자
941	601	공개장소
981	601	신청자부서
307	601	롤일련번호 (FK)
1029	602	서비스유형코드
192	602	련번호
962	602	코드명
1006	602	CMS_DOC_ID
1064	602	오류결과 전송 파일명
941	602	공개일시
981	602	조직코드
1029	603	이용자유형코드
962	603	사용여부
192	603	단번호
307	603	처리상태
1006	603	비고
1064	603	기록물철SID
837	603	순번
941	603	CMS_RCV_FLAG
981	604	신청자ID
1029	604	첨부파일설명
192	605	최초등록자ID
307	605	보류내용
1006	605	최초등록자ID
941	605	CMS_SND_FLAG
981	605	반출목적
1029	605	첨부파일ID
1064	605	오류코드
837	605	사용자
192	606	최초등록일시
307	606	최초등록자ID
1006	606	최초등록일시
941	606	CMS_RCV_ID
981	606	기타목적기술
1029	607	비공개신청코드
1064	607	최초등록일시
837	607	철제목
192	607	최종수정자ID
307	607	최초등록일시
1006	607	최종수정자ID
941	607	비고
981	607	반납예정일자
1029	608	비공개신청번호
1064	608	최초등록자ID
837	608	건제목
192	608	최종수정일시
307	608	최종수정자ID
1006	608	최종수정일시
941	608	최초등록자ID
981	609	반출의뢰서번호
1029	609	CMS_RCV_FLAG
1064	609	최종수정일시
837	609	인명
192	610	기록물배치율
307	610	최종수정일시
941	610	최초등록일시
981	610	반출PROC자ID
1029	610	CMS_SND_FLAG
1064	610	최종수정자ID
837	611	지번
192	611	가상배치율
941	611	최종수정자ID
981	611	기록반출일자
1029	612	CMS_RCV_ID
837	612	지목
192	612	가상배치완료 서가일련번호
941	612	최종수정일시
981	612	비고
1029	613	비고
837	613	지명
192	613	가상배치완료 련번호
981	614	최초등록자ID
1029	614	최초등록자ID
837	614	검색날짜
192	615	가상배치완료 단번호
981	615	최초등록일시
1029	615	최초등록일시
192	616	가상배치완료 기록물수
981	616	최종수정자ID
1029	617	최종수정자ID
981	617	최종수정일시
1029	618	최종수정일시
1029	619	e-mail 입력형태(1:직접입력, 2:선택입력)
1029	621	수수료감면사유 첨부파일
267	663	기관코드 (FK)
274	665	(FK)
395	666	보존시설
267	666	RELATION_CAT
455	667	매체등록일련번호
302	667	기관코드 (FK)
245	667	기관코드 (FK)
395	667	의뢰서구분
267	668	관계구분코드 (FK)
455	668	이송장소
302	668	SEQ_NO (FK)
433	668	{
436	668	,
438	668	,
441	668	}
218	668	기관코드 (FK)
395	669	의뢰서번호
245	669	관계구분코드
267	669	ORGAN_NAME_RELATED
455	669	이송일자
302	669	NO
218	670	관계구분코드 (FK)
395	670	스케줄링일련번호
500	670	신청년도
520	670	신청년도 (FK)
541	670	국가기록물지정번호
563	670	국가기록물지정번호 (FK)
267	670	FROM_YMD
225	671	(FK)
113	671	스캐줄일련번호
395	671	매체등록일련번호
455	671	이송담당자
500	671	신청서등록일련번호
520	671	신청서등록일련번호 (FK)
563	671	관리일련번호
302	671	WORK_YMD
267	671	TO_YMD
245	672	시간계층구분코드
541	672	신청년도 (FK)
455	672	입고담당자
218	673	RELATION_CAT
113	673	다운로드파일명
137	673	기본목록SID
395	673	처리상태
245	673	관계기관명
500	673	신청직권구분
520	673	조사자
541	673	신청서등록일련번호 (FK)
563	673	관리상태구분
427	674	처리상태
695	674	방문일
455	674	입고일자
582	674	국가기록물지정번호 (FK)
218	674	ORGAN_NAME_RELATED
113	674	다운로드상태
137	674	세부목록SID
159	674	기본목록SID
245	674	관계기관생성일
395	674	보류내용
500	675	신청인구분
520	675	현장조사일자
541	675	제목
563	675	변동일자
427	675	보류내용
455	675	최초등록자ID
582	675	관리일련번호 (FK)
695	675	방문구분
218	675	FROM_YMD
113	676	요청일시
137	676	요청타입
159	676	세부목록SID
395	676	최초등록자ID
245	676	관계기관폐지일.
500	676	신청상태
520	676	조사내용
541	676	기록물형태
563	676	변동내역
319	676	기관코드 (FK)
427	676	최초등록자ID
695	676	전시관번호 (FK)
455	676	최초등록일시
582	676	첨부파일일련번호
218	677	TO_YMD
291	677	기관코드 (FK)
671	677	전시관번호
113	677	다운로드시작일시
159	677	일련번호
395	677	최초등록일시
500	677	신청자명
520	677	원본여부
541	677	수집상태
563	677	사후관리안내통보일자
319	677	SEQ_NO
427	677	최초등록일시
455	677	최종수정자ID
137	678	요청일시
1021	678	통보년도
1049	678	기록관리기관구분(SP016)
291	678	SEQ_NO
113	678	다운로드종료일시
159	678	파일명
395	678	최종수정자ID
695	678	방문자수
500	678	신청인주민번호1
520	678	검토일자
541	678	기록물수량
563	678	방문일자
582	678	대상파일명
427	679	최종수정자ID
455	679	최종수정일시
671	679	전시관명
137	679	요청처리여부
1021	679	통보기관코드
269	679	기관코드
113	679	삭제일시
159	679	변환상태 (SV148)
319	679	CONTENTS_FUNC
395	679	최종수정일시
582	679	저장장소ID
695	679	최초등록자ID
500	680	신청인주민번호2
520	680	검토결과
541	680	기록물단위
563	680	방문자명
1049	680	보존서고면적-고정식-종이기록물
291	680	ORGAN_ALIAS
427	680	최종수정일시
671	680	내부장비
137	680	최초등록자ID
113	681	오류메세지
159	681	최초등록자ID
319	681	OP_FROM
695	681	최초등록일시
500	681	신청자우편번호
520	681	수선관리
541	681	기록물주요내용
563	681	소유자명
582	681	최초등록일시
1049	681	보존서고면적-고정식-전자기록물
1021	681	기록관리기관구분 (FK)
269	681	차수
671	681	위치
137	681	최초등록일시
159	682	최초등록일시
319	682	OP_TO
582	682	최초등록자ID
695	682	최종수정자ID
500	682	신청자주소
520	682	심의일자
541	682	기록물보존장소
563	682	소유자주민번호1
1021	682	보존서고면적-고정식-종이기록물
1049	682	보존서고면적-고정식-시청각-오디오
269	682	기관명
671	683	평수
137	683	최종수정자ID
718	683	조사년도
159	683	최종수정자ID
695	683	최종수정일시
500	683	신청자상세주소
520	683	심의결과내용
541	683	기록물지정일자
563	683	소유자주민번호2
582	683	최종수정일시
860	683	개설년도
887	683	강사성명 (FK)
907	683	조사년도
923	683	게시판의 고유번호
1049	683	보존서고면적-고정식-시청각-비디오
1021	684	보존서고면적-고정식-전자기록물
269	684	최상위기관 코드
959	684	표준순번
671	684	비고
741	684	조사년도
943	684	기관코드
137	684	최종수정일시
355	684	기관코드 (FK)
718	684	조사기관코드
159	684	최종수정일시
211	684	기관코드 (FK)
582	684	최종수정자ID
500	685	신청일자
520	685	지정여부
541	685	기록물고시일자
563	685	소유자우편번호
756	685	외국국가기록기관코드
780	685	협정체결기관코드 (FK)
860	685	과정코드
887	685	생년월일 (FK)
907	685	조사기관
923	685	게시글의 일련번호
1021	685	보존서고면적-고정식-시청각-오디오
1049	685	보존서고면적-고정식-시청각-사진필름앨범
269	685	차상위기관 코드
671	685	최초등록자ID
741	685	조사기관
797	685	주민번호1
814	685	위원회코드 (FK)
830	685	위원회코드
846	685	위원회코드 (FK)
355	685	SEQ_NO
718	685	종사인력일련번호
626	686	전시번호 (FK)
159	686	OBJECT_NAME
211	686	SEQ_NO
959	686	초안작성일_시작
500	686	신청자연락처
520	686	기록물지정일자
541	686	교부일자
563	686	소유자주소
943	686	기관구분
860	686	기수
887	686	강사학력일련번호
907	686	서고장비일련번호
1049	686	보존서고면적-고정식-시청각-영화필름
780	686	협정체결순번
1021	686	보존서고면적-고정식-시청각-비디오
269	686	소재지 주소코드
671	686	최초등록일시
741	686	연동시스템구분(FROM)
797	687	주민번호2
814	687	주민번호1 (FK)
846	687	심의자문코드
626	687	전시물번호
756	687	기관명
923	687	게시글의 수신자 아이디
959	687	초안작성일_끝
500	687	소장인명
520	687	국가기록물지정번호
541	687	소유자명
563	687	소유자상세주소
943	687	삭제일시
830	687	위원회명
986	687	통보년도 (FK)
1021	687	보존서고면적-고정식-시청각-사진필름앨범
1049	687	보존서고면적-이동식-고정식대비최소비율
652	687	전시번호
269	687	소재지 주소
355	687	OMISSION_DESC
718	687	성명
671	688	최종수정자ID
741	688	연동시스템명
211	688	ORG_SOURCE
814	688	주민번호2 (FK)
860	688	과정명
887	688	학력시작일자
907	688	기록관리기관구분
923	688	게시글의 제목
756	688	국가코드
780	688	협정체결년도
959	688	초안작성완료여부
500	688	소장인주민번호1
520	688	수집상태
541	688	소유자우편번호
563	688	소유자연락처
697	688	전시관번호 (FK)
943	688	최초등록자ID
986	688	통보기관코드 (FK)
1049	688	보존서고면적-이동식-고정식대비최대비율
830	689	위원회설명
846	689	심의자문명
1021	689	보존서고면적-고정식-시청각-영화필름
269	689	생성일
626	689	소장처코드 (FK)
671	689	최종수정일시
718	689	직급명
801	689	ID
756	689	외국기관주소
780	689	협정체결일자
860	689	교육일수
887	689	학력종료일자
907	689	보존서고구분
923	689	게시글의 내용
652	689	전시명
398	690	보존시설
959	690	초안검토일_시작
430	690	통합기관코드
500	690	소장인주민번호2
520	690	기록물고시일자
541	690	소유자주소
563	690	예산지원여부
741	690	연동시스템구분(TO)
943	690	최초등록일시
797	690	성명
814	690	위원유형
830	690	위원장주민번호1
846	690	심의주제
986	690	미충족항목(컬럼)코드
1021	690	보존서고면적-이동식-종이기록물
1049	690	작업실-업무면적
700	690	ID
269	690	폐지일
455	690	보존시설
718	690	CHRG_JOB_ADM
626	690	외부소장물번호 (FK)
343	690	기관코드 (FK)
860	690	교육점수
887	690	학교명
907	690	서고위치
923	690	게시글의 상위글
756	691	관련자이메일
780	691	협정내용
398	691	의뢰서구분
652	691	전시유형
959	691	초안검토일_끝
430	691	보존시설
500	691	소장인우편번호
520	691	고시내용
541	691	소유자상세주소
563	691	기록물보존장소
741	691	조사일자
943	691	최종수정자ID
1049	691	작업실-열람실면적
797	691	한자
814	691	최초등록자ID
830	691	위원장주민번호2
846	691	활동시작일자
1021	691	보존서고면적-이동식-전자기록물
269	691	기본유형
455	691	의뢰서구분
626	691	전시부스
718	691	담당업무-기록관리업무
343	691	SEQ_NO
697	692	담당시작일
756	692	외국기록기관전화번호
780	692	첨부파일ID
860	692	목표/효과
887	692	학과/전공명
907	692	총서가길이
923	692	게시글의 깊이
986	692	충족-미충족컬럼구분
652	692	전시목적
398	692	의뢰서번호
959	692	초안검토완료여부
430	692	의뢰서구분
500	692	소장인주소
520	692	인수일자
541	692	소유자연락처
563	692	기록물수량
741	692	연동여부
943	692	최종수정일시
797	692	출생지
814	692	최초등록일시
830	692	위원회시작일자
846	692	활동종료일자
1021	692	보존서고면적-이동식-시청각-오디오
1049	692	장비-공기조화설비유무
269	693	작성규칙
455	693	의뢰서번호
718	693	현보직기간
626	693	전시물상태
697	693	담당종료일
860	693	교육대상
887	693	학위명
907	693	기록물점유길이
923	693	게시글의 스텝
986	693	기준값
756	693	관련자성명
780	693	비고
398	693	스케줄링일련번호
652	693	전시설명
959	693	초안완료일_시작
215	693	기관코드 (FK)
343	693	FUNC_DESC
430	693	의뢰서번호
500	693	소장인상세주소
520	693	인수자
541	693	관리인명
563	693	기록물상태의견
741	693	연동일자
1049	693	장비-자기온습도계-서고별대수
797	694	생년월일
814	694	최종수정자ID
830	694	위원회종료일자
846	694	위원회참석자
1021	694	보존서고면적-이동식-시청각-비디오
269	694	주기사항
455	694	스케줄링일련번호
328	694	기관코드 (FK)
626	694	교체일자
718	694	이메일
697	694	현재담당자여부
756	694	기관FAX
780	694	최초등록자ID
860	694	교육시작일자
887	694	최초등록자ID
907	694	보존장비분류
923	694	게시글의 삭제유무
986	694	결과값
652	694	전시관번호 (FK)
398	695	매체등록일련번호
959	695	초안완료일_끝
142	695	매체ID
215	695	SEQ_NO
430	695	스케줄링일련번호
500	695	소장인연락처
520	695	인계자
541	695	해제확정여부
563	695	조치결과통보일자
741	695	연동수행업체명
797	695	양력음력구분
814	695	최종수정일시
830	695	최초등록자ID
846	695	결론
1021	695	보존서고면적-이동식-시청각-사진필름앨범
1049	695	장비-소화설비-자동소화시설유무
231	695	기관코드 (FK)
269	695	법적근거
455	695	매체등록일련번호
718	695	최초등록자ID
328	695	SEQ_NO
626	695	수집계획년도 (FK)
114	695	저장매체장비ID
683	695	전시관번호 (FK)
697	695	담당자소속팀명
860	696	교육종료일자
887	696	최초등록일시
907	696	보존장비형태
923	696	게시글의 조회수
986	696	최초등록자ID
756	696	직위
780	696	최초등록일시
652	696	전시장소
959	696	초안완료여부
430	696	롤일련번호
500	696	소장인과의관계
520	696	업무관리번호
541	696	최초등록일시
563	696	조치결과보고
741	696	소요비용
1049	696	장비-보안장비-패쇄회로감시장치유무
797	696	현직장명
830	696	최초등록일시
846	696	첨부파일ID
1021	696	보존서고면적-이동식-시청각-영화필름
269	696	기타사항
231	696	일련번호
626	696	수집계획일련번호 (FK)
718	696	최초등록일시
398	697	미반입사유
683	697	이력발생일자
697	697	최초등록자ID
142	697	매체유형코드
215	697	DETAIL_CD
756	697	비고
780	697	최종수정자ID
860	697	교육대상인원
887	697	최종수정자ID
907	697	보존장비제품명
923	697	최초등록자ID
986	697	최초등록일시
652	697	회사번호 (FK)
455	697	미반입사유
959	697	예고고시일_시작
328	697	ORGAN_SYNONYM
500	697	관리인명
520	697	비고
541	697	최초등록자ID
563	697	최초등록일시
741	697	최초등록자ID
797	697	현직장직위명
830	697	최종수정자ID
846	697	최초등록자ID
1021	697	서고위치
1049	697	장비-탈산처리장비유무
114	697	저장매체 장비유형코드
269	698	작성언어
718	698	최종수정자ID
626	698	소장기록물등록일련번호 (FK)
398	698	반입예정일자
697	698	최초등록일시
142	698	매체제품명
215	698	DETAIL_NM
430	698	미반입사유
860	698	평가기준
887	698	최종수정일시
907	698	수량
923	698	최초등록일시
986	698	최종수정자ID
756	698	최초등록자ID
780	698	최종수정일시
455	698	반입예정일자
652	698	전시시작일자
959	698	예고고시일_끝
231	698	주소코드
500	699	승인여부
520	699	최초등록일시
541	699	최종수정일시
563	699	최초등록자ID
741	699	최초등록일시
1049	699	장비-소독처리장비유무
797	699	현직장주소
830	699	최종수정일시
846	699	최초등록일시
1021	699	총서가길이(Km)
114	699	저장매체장비장소코드
269	699	상세정도
683	699	전시관이력내용
718	699	최종수정일시
308	699	기관코드 (FK)
398	699	작성자부서
697	699	최종수정자ID
631	699	SID (FK)
142	699	매체제품코드
430	699	반입예정일자
756	699	최초등록일시
860	699	교육내용
907	699	도일일자
923	699	최종수정자ID
986	699	최종수정일시
652	699	전시종료일자
231	700	주소명
455	700	작성자부서
959	700	예고고시차수
500	700	승인일자
520	700	최초등록자ID
541	700	최종수정자ID
563	700	최종수정일시
741	700	최종수정자ID
797	700	현직장전화번호
846	700	최종수정자ID
1021	700	기록물점유길이(Km)
1049	700	보존환경유지기준-종이기록물-최소온도
114	700	저장매체장비유형이름
683	700	투입인력수
269	700	홈피주소
718	700	전화번호
626	700	최초등록자ID
398	700	작성자ID
308	700	작성구분코드
697	700	최종수정일시
142	701	매체저장용량
430	701	작성자부서
860	701	과정평가점수
907	701	최초등록자ID
923	701	최종수정일시
756	701	최종수정자ID
455	701	작성자ID
652	701	전시담당자ID
959	701	예고고시완료여부
231	701	시작일자
500	701	제목
520	701	최종수정일시
563	701	최종수정자ID
741	701	최종수정일시
1049	701	보존환경유지기준-종기기록물-최대온도
797	701	현직장FAX
846	701	최종수정일시
1021	701	작업실-업무면적
114	701	저장매체장비장소이름
269	701	차상위 기관명
683	701	회사번호 (FK)
626	701	최초등록일시
308	702	작성일자
398	702	최초등록자ID
142	702	매체표면수량
430	702	작성자ID
756	702	최종수정일시
860	702	기타사항
907	702	최초등록일시
923	702	첨부파일
652	702	비고
231	702	종료일자
455	702	최초등록자ID
959	702	표준전문위원회심의일
500	702	기록물형태
520	702	최종수정자ID
563	702	첨부파일ID
797	702	자택주소
1021	702	작업실-열람실면적
1049	702	보존환경유지기준-전자기록물-최소온도
114	702	저장매체장비구분점검용코드
683	702	총투입비용
269	703	최상위기관명
626	703	최종수정자ID
398	703	최초등록일시
142	703	매체사용여부
430	703	최초등록자ID
860	703	첨부파일ID
907	703	최종수정자ID
455	703	최초등록일시
652	703	최초등록자ID
959	703	표준전문위원회심의차수
500	704	기록물수량
520	704	첨부파일ID
1049	704	보존환경유지기준-전자기록물-최대온도
797	704	자택전화
1021	704	장비-공기조화설비유무
114	704	MB당예상복구시간
269	704	예비삭제 플래그
308	704	작성기관명
683	704	최초등록자ID
626	704	최종수정일시
398	704	최종수정자ID
142	704	매체보존위치코드
430	704	최초등록일시
860	704	최초등록자ID
907	704	최종수정일시
652	705	최초등록일시
455	705	최종수정자ID
959	705	표준전문위원회심의완료여부
500	705	기록물단위
797	705	핸드폰
1021	705	장비-자기온습도계-서고별대수
1049	705	보존환경유지기준-시청각-자기매체-최소온도
114	705	등록일시
308	705	자료출처
683	705	최초등록일시
248	705	기관코드 (FK)
269	705	예비삭제일
398	705	최종수정일시
142	706	이전 매체ID
430	706	최종수정자ID
860	706	최초등록일시
455	706	최종수정일시
652	706	최종수정자ID
959	706	국가기록관리위원회심의일
500	706	미승인사유
843	706	주민번호1 (FK)
1049	706	보존환경유지기준-시청각-자기매체-최대온도
797	706	최초등록자ID
1021	706	장비-소화설비-자동소화시설유무
114	706	수정일시
269	706	기관역사
308	706	저작자
683	706	최종수정자ID
248	706	일련번호
878	707	개설년도 (FK)
142	707	마이그레이션수량
430	707	최종수정일시
860	707	최종수정자ID
893	707	강사성명
652	707	최종수정일시
959	707	국가기록관리위원회심의차수
287	707	기관코드 (FK)
500	707	첨부파일수
843	707	주민번호2 (FK)
797	707	최초등록일시
1021	707	장비-보안장비-패쇄회로감시장치유무
1049	707	보존환경유지기준-시청각-필름매체-최소온도
114	707	수정자
308	707	수정종류코드
683	707	최종수정일시
269	708	상세유형
720	708	행사번호 (FK)
739	708	행사번호
816	708	주민번호1 (FK)
878	708	과정코드 (FK)
142	708	최종마이그레션일시
860	708	최종수정일시
893	708	생년월일
541	708	국가기록물지정번호 (FK)
959	708	국가기록관리위원회심의완료여부
248	708	관리자코드
287	709	CHANGE_YMD
500	709	기록물주요내용
843	709	학력일련번호
1049	709	보존환경유지기준-시청각-필름매체-최대온도
797	709	최종수정자ID
1021	709	장비-탈산처리장비유무
114	709	저장매체진본구분코드
308	709	수정내용
720	709	행사부서 (FK)
739	709	행사부서
816	709	주민번호2 (FK)
878	709	기수 (FK)
142	709	등록일시
757	709	조사년도
248	710	관리자직책
541	710	지정해제일련번호
959	710	확정고시일(년월)
500	710	최초등록일시
797	710	최종수정일시
1021	710	장비-소독처리장비유무
1049	710	보존환경유지기준-행정박물-최소온도
114	710	저장매체장비GROUP CD
308	710	생략내용
720	710	행사참여자번호
816	710	경력일련번호
893	710	사용자ID
878	710	과목코드
287	711	CHANGE_SCALE
567	711	국가기록물지정번호 (FK)
757	711	생산시스템구분
843	711	학력시작일자
739	711	행사명
959	711	확정고시차수
248	711	관리자명
500	711	최초등록자ID
1049	711	보존환경유지기준-행정박물-최대온도
1021	711	보존환경유지기준-종이기록물-온도
308	711	작성종류코드
893	711	이메일
983	712	표준순번
541	712	해제직권구분
287	712	CHANGE_CONTENTS
757	712	조사기관
843	712	학력종료일자
567	712	지정해제일련번호 (FK)
248	712	시작일자
720	712	참여자성명
739	712	행사구분
816	712	경력시작일자
959	712	확정고시완료여부
500	712	최종수정일시
668	712	회사번호
878	712	과목명
1021	712	보존환경유지기준-전자기록물-온도
1049	712	보존환경유지기준-종이기록물-최소습도
893	713	강사구분
541	713	지정해제요청일
567	713	첨부파일일련번호
757	713	시스템세부구분
843	713	학교명
683	713	자료일련번호
720	713	소속기관명
739	713	행사유형
816	713	경력종료일자
959	713	산업표준심의위원회제출여부
248	713	종료일자
1001	713	표준순번
500	714	최종수정자ID
1049	714	보존환경유지기준-종이기록물-최대습도
878	714	강사성명 (FK)
1021	714	보존환경유지기준-시청각-자기매체-온도
893	714	현직-소속명
541	714	지정해제요청사유
519	714	신청년도 (FK)
843	714	학과/전공명
668	714	회사명
720	715	직급명
739	715	행사목적
816	715	경력내용
959	715	최초등록자ID
1001	715	이력순번
500	715	첨부파일ID
983	715	한글표준명
878	715	생년월일 (FK)
1021	715	보존환경유지기준-시청각-필름매체-온도
1049	715	보존환경유지기준-전자기록물-최소습도
567	715	저장장소ID
757	715	항목
893	715	현직-직위명
683	715	자료명
541	715	신청자명
519	716	신청서등록일련번호 (FK)
843	716	학위명
668	716	사업자등록번호
720	716	연락처
739	716	행사일시
816	716	최초등록자ID
959	716	최초등록일시
983	716	영문표준명
1049	716	보존환경유지기준-전자기록물-최대습도
878	716	강의일시
1021	716	보존환경유지기준-행정박물-온도
757	716	조사일자
567	716	대상파일명
893	716	자택주소
683	717	자료구분
541	717	신청자연락처
519	717	첨부파일일련번호
843	717	최초등록자ID
1001	717	표준분야코드
668	717	대표자명
720	717	이메일
739	717	행사장소
816	717	최초등록일시
959	717	최종수정자ID
983	717	표준번호
878	717	강의평가점수
1021	717	보존환경유지기준-종이기록물-습도
1049	717	보존환경유지기준-시청각-자기매체-최소습도
144	718	매체예시일련번호
567	718	최초등록일시
700	718	자료일련번호 (FK)
757	718	조사내용
893	718	자택전화
683	718	생산자(저자)
541	718	검토일자
1001	718	한글표준명
843	718	최초등록일시
668	718	연락처
720	718	사용자ID
739	718	첨부파일ID
816	718	최종수정자ID
959	718	최종수정일시
983	719	고시번호
1049	719	보존환경유지기준-시청각-자기매체-최대습도
878	719	최초등록자ID
1021	719	보존환경유지기준-전자기록물-습도
519	719	신청파일구분
757	719	최초등록자ID
567	719	최초등록자ID
700	719	대출일시
893	719	핸드폰
683	719	생산년도
541	719	지정해제검토사유
651	719	홍보물번호
843	719	최종수정자ID
1001	719	영문표준명
115	719	사용일자
668	719	주소
144	720	생산기관코드
720	720	최초등록자ID
739	720	최초등록자ID
816	720	최종수정일시
983	720	적용범위
878	720	최초등록일시
1021	720	보존환경유지기준-시청각-자기매체-습도
1049	720	보존환경유지기준-시청각-필름매체-최소습도
519	720	파일명
567	720	최종수정일시
757	720	최초등록일시
893	720	팩스번호
683	720	생산기관(출판사)
541	720	조사자
1001	721	표준번호
843	721	최종수정일시
115	721	저장매체장비ID
324	721	요청분류(KH011)
668	721	협력회사소재지코드
144	721	생산기관명
720	721	최초등록일시
739	721	최초등록일시
700	721	자료대출상태
983	721	표준유형
1049	721	보존환경유지기준-시청각-필름매체-최대습도
628	721	외부소장물번호
651	721	홍보물구분
878	721	최종수정자ID
1021	721	보존환경유지기준-시청각-필름매체-습도
519	721	저장장소ID
757	721	최종수정자ID
567	722	최종수정자ID
893	722	저서
683	722	발행주기
541	722	심의일자
1001	722	고시번호
144	722	생산년도
324	722	일련번호
668	722	홈페이지U RL
700	722	자료반납예정일자
720	722	최종수정자ID
739	722	최종수정자ID
983	722	담당자
271	722	ORGAN_CD
651	722	홍보물명
878	722	최종수정일시
1021	722	보존환경유지기준-행정박물-습도
1049	722	보존환경유지기준-행정박물-최소습도
519	723	최초등록일시
231	723	NOTICE_SEQ_NO
757	723	최종수정일시
893	723	최초등록자ID
115	723	전체용량
683	723	위치정보
541	723	지정해제심의인
1001	723	적용범위
304	723	세부유형코드
628	723	외부소장물명칭
668	723	주요이력
144	723	REC_PROD_TERM
720	723	최종수정일시
739	723	최종수정일시
700	724	반납일시
983	724	담당자소속팀명
1049	724	보존환경유지기준-행정박물-최대습도
271	724	DEL_DT
651	724	홍보물주제
1021	724	보존환경유지기준-공기질-미세먼지
519	724	최초등록자ID
893	724	최초등록일시
115	724	사용용량
683	724	등록일시
250	724	ARID
541	724	해제확정여부
231	724	NOTI_USR_ID
207	724	ARID
1001	724	표준유형
328	724	ID
144	725	기록물관리번호
628	725	생산년도
668	725	비고
700	725	최초등록자ID
983	725	지원담당
651	725	홍보물목적
1021	725	보존환경유지기준-공기질-이산화황
1049	725	보존환경유지기준-공기질-미세먼지
519	725	최종수정일시
304	725	일련번호
893	725	최종수정자ID
115	725	볼륨수량
683	725	자료관리번호
250	725	SEQ_NO
541	725	지정해제통보일자
207	726	SEQ_NO
1001	726	담당자
330	726	ID
271	726	ORGAN_NM
628	726	소장처명
668	726	최초등록자ID
144	726	기록물제목
231	726	NOTICE_DIV
700	726	최초등록일시
983	726	지원담당자소속명
1049	726	보존환경유지기준-공기질-이산화황
651	726	제작자ID
1021	726	보존환경유지기준-공기질-산화질소
304	726	유형분류(코드KH001)
519	726	최종수정자ID
893	727	최종수정일시
115	727	파일수량
683	727	목차
250	727	CAREER_DESC
541	727	지정해제사유
207	727	OP_DESC
1001	727	담당자소속팀명
144	727	문서구성내용
271	727	USR_ID
507	727	연도
628	727	전화번호
668	727	최초등록일시
231	727	CONF_USR_ID
700	727	최종수정자ID
983	727	제정일
651	728	등록자ID
1021	728	보존환경유지기준-공기질-오존
1049	728	보존환경유지기준-공기질-산화질소
304	728	유형차수
115	728	등록일시
324	728	확인사용자ID
683	728	자료내용
250	728	FST_REG_DT
541	728	기록물고시일자
207	728	OP_FROM_YMD
1001	728	지원담당
271	728	USR_NM
628	728	크기
668	728	최종수정자ID
144	728	기타사항
231	729	NOTICE_DT
700	729	최종수정일시
983	729	개정일
1049	729	보존환경유지기준-공기질-오존
651	729	제작부서
1021	729	보존환경유지기준-공기질-포름알데히드
304	729	상위유형일련번호
324	729	요청내용
507	729	일반기록물
683	729	삭제일자
250	729	FST_REGR_ID
541	729	고시내용
866	729	개설년도 (FK)
207	729	OP_TO_YMD
1001	729	지원담당자소속명
144	730	사료적가치
628	730	유형
668	730	최종수정일시
231	730	CONF_DT
983	730	폐지일
651	730	제작회사 (FK)
1021	730	보존환경유지기준-공기질-일산화탄소
1049	730	보존환경유지기준-공기질-포름알데히드
704	730	ID
304	730	유형명
324	730	요청상태(코드KH012)
683	730	첨부파일ID
250	731	LST_UPD_DT
507	731	조사연구검토서
541	731	지정서회수일자
866	731	과정코드 (FK)
207	731	FST_REG_DT
1001	731	제정일
628	731	기본설명
144	731	행정적가치
231	731	NOTICE_CONTS
983	731	유지일
1049	731	보존환경유지기준-공기질-일산화탄소
651	731	제작일자
1021	731	보존환경유지기준-공기질-휘발성유기화합물
304	731	최초등록일시
324	732	최초등록일시
507	732	회의록
683	732	비고
250	732	LST_UPDR_ID
541	732	최초등록일시
866	732	기수 (FK)
207	732	FST_REGR_ID
1001	732	개정일
144	732	증빙적가치
628	732	이미지파일명
231	732	NOTI_USR_NM
983	732	고시일
651	733	수량
1021	733	보존환경유지기준-보존서고-조명-룩스
1049	733	보존환경유지기준-공기질-휘발성유기화합물
938	733	조사년도
304	733	최초등록자ID
324	733	최초등록자ID
683	733	최초등록자ID
507	733	시청각기록물
541	733	최초등록자ID
866	733	수강자명
207	733	LST_UPD_DT
1001	733	폐지일
628	733	비고
144	734	매체수록종류
231	734	NOTI_ORGAN_CD
983	734	최종상태
1049	734	보존환경유지기준-보존서고-조명-최소룩스
651	734	소요예산
1021	734	보존환경유지기준-전시관-조명-룩스
304	734	최종수정일시
938	734	조사기관
324	734	최종수정일시
421	734	통합기관코드
507	734	비밀기록물
683	734	최초등록일시
541	734	최종수정일시
866	734	소속기관명
207	734	LST_UPDR_ID
965	734	조사년도
1001	734	유지일
144	735	MEDIA_REC_CONT
395	735	DVD관리번호
628	735	최초등록자ID
905	735	조사년도 (FK)
231	735	NOTI_ORGAN_NM
983	735	주요내용
1049	735	보존환경유지기준-보존서고-조명-최대룩스
651	735	첨부파일ID
938	735	기록관시스템구분
1021	735	전산장비-주전산기유무
304	735	최종수정자ID
324	735	최종수정자ID
421	735	롤일련번호
683	735	최종수정자ID
448	736	매체등록일련번호
507	736	정부간행물
541	736	최종수정자ID
1001	736	고시일
965	736	조사기관
395	736	스케줄링일련번호
628	736	최초등록일시
116	736	매체수록오류구분
144	736	공개여부
905	736	조사기관 (FK)
983	736	요약서-첨부파일ID
1049	736	보존환경유지기준-전시관-조명-최소룩스
651	736	비고
866	736	소속팀명
1021	736	전산장비-저장장치유무
892	737	강사성명 (FK)
938	737	품목구분
324	737	대표표명(전거명)
421	737	보관장소(SV019)
448	737	스케줄링일련번호
507	737	행정박물류
683	737	최종수정일시
541	737	첨부파일ID
965	737	전산장일련번호
1001	737	최종상태
144	737	공개구분코드
628	737	최종수정자ID
116	737	매체수록오류메세지
905	737	기록관시스템구분 (FK)
983	737	원문파일-첨부파일ID
1049	738	보존환경유지기준-전시관-조명-최대룩스
651	738	최초등록자ID
866	738	담당업무명
892	738	생년월일 (FK)
1021	738	전산장비-입력장비유무
324	738	전거종류(KH001)
395	738	작업완료여부
421	738	스케줄링일련번호
507	738	이중보존매체
1001	738	주요내용
687	738	I D
628	738	최종수정일시
116	739	매체수록오류원인
144	739	OPN_SCT_CONT
905	739	품목구분 (FK)
938	739	시스템세부구분
448	739	작업완료여부
983	739	타당성검토보고서-첨부파일ID
1049	739	전산장비-주전산기유무
651	739	최초등록일시
866	739	직급명
1021	739	전산장비-통신장비유무
892	739	강사경력일련번호
965	739	전산장비명
395	739	반출의뢰여부
683	739	회사번호 (FK)
1001	740	요약서-첨부파일ID
144	740	변동사항
938	740	조사일자
116	740	오류처리결과
905	740	세부규격코드
421	740	작업완료여부
983	740	변동사항
448	740	반출의뢰여부
1049	740	전산장비-저장장치유무
651	740	최종수정자ID
866	740	핸드폰
1021	740	전산장비-열람장비유무
965	740	전산제품명
395	740	RFID사용여부
683	740	원어명
1001	741	원문파일-첨부파일ID
116	741	FST_REGR_ID
144	741	비고
892	741	경력시작일자
938	741	구매구분
421	741	반출의뢰여부
448	741	RFID사용여부
983	741	버전정보
1049	741	전산장비-입력장비유무
651	741	최종수정일시
866	741	이메일
1021	741	M/F장비-촬영기유무
965	742	수량
581	742	소장처코드
395	742	최초등록자ID
905	742	세부규격값
1001	742	타당성검토보고서-첨부파일ID
144	742	최초등록자ID
892	742	경력종료일자
938	742	수량
116	742	FST_REG_DT
421	743	RFID사용여부
983	743	보류사유
448	743	최초등록자ID
1049	743	전산장비-통신장비유무
866	743	총점
1021	743	M/F장비-현상기유무
965	743	도입일자
395	743	최초등록일시
581	743	소장기록물등록일련번호
905	743	최초등록자ID
1001	743	변동사항
116	744	LST_UPDR_ID
144	744	최초등록일시
892	744	경력기관
938	744	구입가격
421	744	최초등록자ID
448	744	최초등록일시
983	744	최초등록자ID
1049	744	전산장비-열람장비유무
866	744	수료여부
1021	744	M/F장비-판독복사기유무
965	744	최초등록자ID
395	744	최종수정자ID
905	744	최초등록일시
1001	745	버전정보
144	745	최종수정자ID
892	745	경력내용
938	745	구입일자
116	745	LST_UPD_DT
421	745	최초등록일시
581	745	통합기관코드 (FK)
983	745	최초등록일시
448	745	최종수정자ID
1049	745	M/F장비-촬영기유무
866	745	최초등록자ID
1021	745	최초등록자ID
965	745	최초등록일시
395	745	최종수정일시
905	746	최종수정자ID
1001	746	이력구분
530	746	수집계획년도 (FK)
550	746	수집계획년도
565	746	주제분류코드
144	746	최종수정일시
892	746	최초등록자ID
938	746	최초등록자ID
581	746	주제분류코드 (FK)
421	746	최종수정자ID
448	746	최종수정일시
983	746	최종수정자ID
1049	746	M/F장비-현상기유무
866	746	최초등록일시
1021	746	최초등록일시
965	747	최종수정자ID
905	747	최종수정일시
1001	747	보류사유
530	747	수집계획일련번호 (FK)
550	747	수집계획일련번호
892	747	최초등록일시
938	747	최초등록일시
421	748	최종수정일시
581	748	제목
983	748	최종수정일시
1049	748	M/F장비-판독복사기유무
866	748	최종수정자ID
1021	748	최종수정자ID
965	748	최종수정일시
565	748	주제분류명
1001	748	최종수정자ID
530	748	소장기록물등록일련번호 (FK)
892	749	최종수정자ID
938	749	최종수정자ID
581	749	소장인명
1049	749	최초등록자ID
866	749	최종수정일시
1021	749	최종수정일시
550	749	주제분류코드 (FK)
565	749	주요내역
1001	750	최종수정일시
530	750	소장처코드 (FK)
892	750	최종수정일시
938	750	최종수정일시
581	750	관리인명
1049	750	최초등록일시
550	751	수집계획명
565	751	주제분류구분
581	751	생산년도
1049	751	최종수정자ID
530	752	기록물형태
550	752	수집범위
565	752	상위주제분류코드
581	753	기록물형태
1049	753	최종수정일시
530	753	수집상태
550	753	수집목적
565	753	사용여부
195	753	기관코드
581	754	기본목록SID
216	754	ARID
530	754	조사자
550	754	수집분야
565	754	최초등록일시
129	755	매체수록기준코드
581	755	이관여부
195	755	전체기관명
448	755	M/F복제처리서번호
216	756	TYPE_CD
396	756	이관매체등록일련번호
530	756	현장조사일자
550	756	추진배경
565	756	최초등록자ID
420	756	매체이전관리번호
581	756	기록물수량
195	757	최하위기관명
448	757	보관장소
396	757	스케줄링일련번호
144	757	매체상태기준코드
216	757	RECORD_TYPE
530	757	조사결과내용요약
550	757	계획필요성
565	757	최종수정일시
129	757	원본매체종류
420	757	스케줄링일련번호
581	758	기록물단위
195	758	기관차수
448	758	통합기관코드
216	758	AUTHORIZED_TITLE
530	758	원본여부
550	758	담당자
565	758	최종수정자ID
129	758	매체수록구분
396	759	작업완료여부
581	759	공개구분
144	759	매체상태구분
195	759	기관서열
420	759	작업완료여부
448	759	롤일련번호
216	759	EXIST_ORGAN_CD
530	759	권수
550	759	추진일정시작일
129	760	생성일자
396	760	반출의뢰여부
581	760	비고
144	760	매체상태등급
195	760	소속기관차수
420	760	반출의뢰여부
448	760	스케줄링일련번호
216	761	UNI_ORG_COD
530	761	이관일자
550	761	추진일정종료일
129	761	매체수록등급
273	761	전송문서업무번호
292	761	에러번호
396	761	RFID사용여부
581	761	최초등록일시
144	761	등급기준설명
195	762	차상위기관코드
420	762	RFID사용여부
216	762	PARALLEL_ORGAN_CD
530	762	이관여부
550	762	최초등록일시
129	762	구분기술
448	763	작업완료여부
273	763	전송문서기본목록SID
292	763	기본목록SID
396	763	최초등록자ID
581	763	최초등록자ID
144	763	작성자ID
332	763	스캐닝업로드요청ID
195	763	최상위기관코드
420	763	최초등록자ID
216	763	ORGAN_LEVEL
313	763	보존시설(RG052)
530	763	인수자
550	763	최초등록자ID
129	763	수록분류기준내용
351	763	보존시설(RG052)
273	764	전송문서일자
292	764	태스크번호
396	764	최초등록일시
448	764	반출의뢰여부
581	764	최종수정일시
144	764	작성일자
821	764	단계순번
839	764	분류구분 (FK)
855	764	분류구분
195	764	대표기관코드
420	764	최초등록일시
744	764	STD_YEAR
313	764	기록물형태(RG001)
663	764	교류실적일련번호
685	764	교류실적일련번호 (FK)
709	764	기관코드 (FK)
728	764	기관코드
216	764	ORGAN_HISTORY
530	764	인계자
550	764	최종수정일시
129	765	비고
250	765	SEQNO
351	765	기록물형태(RG001)
332	765	기본목록SID
448	765	RFID사용여부
273	765	전송문서상태
292	765	에러내용
396	765	최종수정자ID
581	765	최종수정자ID
144	765	비고
195	765	유형대분류
744	765	지도점검항목코드
821	765	사업년도 (FK)
839	765	분류코드 (FK)
855	765	분류코드
420	766	최종수정자ID
216	766	LOGAL_STATUS
530	766	최초등록일시
550	766	최종수정자ID
643	766	심의순번
663	766	방문년도
685	766	방문년도 (FK)
709	766	기준년도 (FK)
728	766	기준년도 (FK)
772	766	요청년도
788	766	사업계획년도
805	766	사업년도
129	766	최초등록자ID
250	766	TABLE_NAME
351	766	해상도이력순번
332	766	세부목록SID
313	766	이미지X축해상도(DPI)
396	766	최종수정일시
448	766	최초등록자ID
144	766	최초등록자ID
821	767	사업번호 (FK)
839	767	법령/제도코드
195	767	유형중분류
420	767	최종수정일시
685	767	방문자ID
709	767	지도점검항목코드 (FK)
728	767	지도점검항목코드 (FK)
772	767	요청서번호
788	767	사업계획서번호
805	767	사업번호
216	767	FROM_YMD
530	767	최초등록자ID
129	767	최초등록일시
250	767	VDKKEY
332	767	스케줄링일련번호
744	767	차상위지도점검항목코드 (FK)
855	767	분류명
448	768	최초등록일시
897	768	주민번호1 (FK)
313	768	이미지Y축해상도(DPI)
623	768	접수년도
643	768	심의일
663	768	방문국가
144	768	최초등록일시
919	768	주민번호1
195	768	유형소분류
351	768	이미지X축해상도(DPI)
216	768	TO_YMD
530	768	최종수정일시
129	768	최종수정자ID
250	768	ACTION
332	769	스캐닝업로드경로구분코드
821	769	사업단계순서
839	769	법령/제도명칭
855	769	폐지일자
744	769	최상위지도점검항목코드 (FK)
313	769	최초등록자ID
448	769	최종수정자ID
623	769	보고기관
643	769	심의기관명
663	769	교류구분
685	769	방문자소속팀명
709	769	조치일자
728	769	조사일자
772	769	요청서명
788	769	사업계획명
805	769	사업구분
897	769	주민번호2 (FK)
144	769	최종수정자ID
919	769	주민번호2
959	769	조사년도
195	769	기관우편번호
351	769	이미지Y축해상도(DPI)
936	769	주민번호1 (FK)
981	769	관리번호 (FK)
998	769	관리번호
216	769	FAMILY_ORIGIN
530	769	최종수정자ID
1026	769	신청번호
129	770	최종수정일시
250	770	REG_DATE
332	770	스캐닝작업정보등록일시
744	770	지도점검항목순번
821	770	단계명
839	770	세부명칭
855	770	비고
448	770	최종수정일시
897	770	학력일련번호
313	770	최초등록일시
623	770	접수파일구분
643	770	심의결과
663	770	교류유형
685	770	최초등록자ID
709	770	조치결과
728	770	조사내용
772	770	요청일자
788	770	사업계획상태
805	770	사업명
144	770	최종수정일시
195	770	행정동코드
936	770	주민번호2 (FK)
959	770	조사기관코드
981	770	이력발생일자
351	771	최초등록자ID
216	771	BIRTHPLACE
1048	771	표준분야코드
332	771	스캐닝업로드작업파일수량
821	771	예정시작일자
839	771	제정일자
855	771	최초등록자ID
919	771	성명
1011	771	관리번호 (FK)
744	771	지도점검항목명
998	771	장비유형
313	771	최종수정자ID
623	771	접수파일명
643	771	초안버젼
663	771	국외여행유형
685	771	최초등록일시
709	771	향후추진계획
728	771	지적일자
772	771	요청부서
788	771	사업목적
805	771	사업목적
1026	772	신청일시
195	772	소재지코드
351	772	최초등록일시
936	772	자격일련번호
216	772	REGAL_DOMICILE
897	772	학력시작일자
332	772	스캐닝업로드경로확인요청일시
919	772	전화번호
744	772	지도점검항목레벨
821	772	예정종료일자
839	772	관련법령
855	772	최초등록일시
959	772	자료관설치여부
981	772	자산이력내용
998	772	장비분류
1011	772	주변장치일련번호
313	773	최종수정일시
623	773	오류건수
643	773	심의내용
663	773	방문기관
685	773	최종수정자ID
709	773	최초등록자ID
728	773	지적사항
772	773	요청자ID
788	773	담당부서
805	773	사업상태
1026	773	시스템명
195	773	지번
1048	773	표준분야명
351	773	최종수정자ID
216	773	CT_INSTITUTION
897	773	학력종료일자
332	774	스캐닝업로드경로확인일시
821	774	실제시작일자
839	774	법령내용
855	774	최종수정자ID
919	774	핸드폰
959	774	설치부서명
744	774	기관현황식별코드
936	774	자격특기구분
981	774	조치사항내용
998	774	정보화자산유형
623	774	정상건수
643	774	심의의결서-첨부파일ID
663	774	방문시작일자
685	774	최종수정일시
709	774	최초등록일시
728	774	최초등록자ID
772	774	요청서상태
788	774	담당자ID
805	774	담당부서
1026	774	원내전화
195	774	기관지번
351	774	최종수정일시
1048	774	사용여부
216	775	CT_RULE
1011	775	주변장치명칭
897	775	학교명
332	775	스캐닝업로드경로파일수량
919	775	이메일
744	775	삭제일자
821	775	실제종료일자
839	775	폐지일자
855	775	최종수정일시
936	775	자격특기명
959	775	설치일자
981	775	확인자ID
998	775	정보화자산구분
623	775	접수상태
643	775	최초등록자ID
663	775	방문종료일자
709	775	최종수정자ID
728	775	최초등록일시
772	775	요청목적
788	775	예정시작일자
805	775	담당자ID
1026	775	신청명
195	775	기관전화번호
1048	775	비고
216	776	CT_STATUS
1011	776	주변장치기능
897	776	학과/전공명
332	776	스캐닝업로드경로파일사이즈
821	776	담당자ID
839	776	첨부파일ID
919	776	소속사업장번호 (FK)
959	776	인력배치현황
744	776	최초등록자ID
936	776	최초등록자ID
981	776	비고
998	776	사용구분
623	776	접수구분
643	776	최초등록일시
663	776	방문목적
709	776	최종수정일시
728	776	최종수정자ID
772	776	예상소요예산
788	776	예정종료일자
805	776	계약일자
1026	777	요청자ID
195	777	기관팩스번호
1048	777	등록자ID
216	777	CT_DETAIL_LEVEL
1011	777	수량
897	777	최초등록자ID
332	777	스캐닝업로드요청일시
919	777	입사일
744	778	최초등록일시
821	778	진척율
839	778	비고
936	778	최초등록일시
959	778	자료관업무의직제규정반영유무
981	778	최초등록자ID
998	778	폐기일자
623	778	최초등록자ID
643	778	최종수정자ID
663	778	활동내역
728	778	최종수정일시
772	778	첨부파일ID
788	778	예상소요예산
805	778	예산
1026	778	신청구분
195	778	생성일자
1048	778	등록일시
216	778	CT_LANG
1011	778	비고
291	778	TRANSYEAR
897	778	최초등록일시
332	779	스캐닝업로드완료일시
821	779	비고
839	779	최초등록자ID
919	779	퇴사일
959	779	자료관운영규정제정유무
744	779	최종수정자ID
936	779	최종수정자ID
981	779	최초등록일시
998	779	자산명
623	779	최초등록일시
643	779	최종수정일시
663	779	과제내역
772	779	비고
788	779	요청년도 (FK)
805	779	계약시작일자
269	779	이관태스크번호
1026	779	신청내용
195	779	폐지일자
1048	779	최초등록자ID
216	780	CT_OMIT_REASON
1011	780	최초등록자ID
897	780	최종수정자ID
291	780	TRANS_NO
359	780	그룹조직코드
332	780	스캐닝업로드완료파일수량
919	780	전공특기코드
744	780	최종수정일시
821	780	최초등록자ID
839	780	최초등록일시
936	780	최종수정일시
959	780	자료관시스템도입유무
981	780	최종수정자ID
998	780	모델명
269	780	태스크명
623	780	최종수정자ID
663	780	첨부파일ID
772	780	최초등록자ID
788	780	요청서번호 (FK)
805	780	계약종료일자
1026	780	접수일시
195	780	폐지여부
1048	780	최초등록일시
216	781	CT_NOTE
1011	781	최초등록일시
291	781	DHOUSECODE
897	781	최종수정일시
359	781	업무명
332	781	스캐닝업로드완료파일사이즈
821	781	최초등록일시
839	781	최종수정자ID
919	781	학력코드
959	781	보존서고면적
981	781	최종수정일시
998	781	도입일자
623	781	최종수정일시
663	781	최초등록자ID
772	781	최초등록일시
788	781	첨부파일ID
805	781	계약금액
269	782	대상기록물타입
1026	782	처리상태
195	782	이전기관코드
1048	782	최종수정자ID
216	782	PERIOD_DESC
1011	782	최종수정자ID
291	782	KIKWANCODE
332	782	스캐닝업로드상태코드
919	782	담당업무코드
250	783	접근로그일시
821	783	최종수정자ID
839	783	최종수정일시
959	783	최초등록자ID
998	783	도입가
269	783	대상서버
663	783	최초등록일시
772	783	최종수정자ID
788	783	비고
805	783	계약서번호
1026	783	처리결과
195	783	최종작업일자
1048	783	최종수정일시
359	783	호출명
216	783	ETC_DESC
1011	783	최종수정일시
291	783	BND_TTL
862	783	보도년도
332	784	스캐닝업로드오류내용
821	784	최종수정일시
919	784	주소
959	784	최초등록일시
998	784	공급업체
663	784	최종수정자ID
772	784	최종수정일시
788	784	최초등록자ID
805	784	수행업체명
116	784	훼손상태기준코드
269	784	이관상태
1026	784	완료일자
195	784	기관유형코드
359	784	TODO대상건수
216	785	HOMEPAGE_URL
250	785	사용자ID
291	785	DOCBUNRYUNO
862	785	보도번호
332	785	최초등록자ID
919	785	개인번호
959	785	최종수정자ID
998	785	용도
269	785	이관시작일
663	785	최종수정일시
788	785	최초등록일시
805	785	사업계획년도 (FK)
1026	785	담당자명
195	786	공무원교육훈련기관여부
359	786	TODO조회및생성SQL
216	786	EXIST_YN
250	786	사용자명
291	786	JEMOK
116	786	훼손상태구분
332	786	최초등록일시
919	786	사진파일명
935	786	주민번호1 (FK)
959	786	최종수정일시
998	786	책임자(정)ID
788	786	최종수정자ID
805	786	사업계획서번호 (FK)
269	787	이관종료일
1026	787	확인자ID
195	787	기관장지급명
862	787	보도요청년도 (FK)
359	787	최종반영일시
216	787	DELETE_YN
250	787	접근순번
897	787	실적일자
116	787	훼손구분
291	787	BUNRYUNO
332	787	최종수정자ID
919	787	비고
935	787	주민번호2 (FK)
959	788	기록관제품명
998	788	책임자(부)ID
269	788	원문이관포함여부
788	788	최종수정일시
805	788	첨부파일ID
1026	788	최초등록자ID
195	788	소재지주소
862	788	보도요청번호 (FK)
216	788	DELETE_DT
250	788	사용자처리과코드
897	788	주민번호1 (FK)
291	789	FILE_NM
116	789	DMG_RNK_SCT
332	789	최종수정일시
919	789	최초등록자ID
935	789	경력일련번호
998	789	제조사
805	789	비고
269	789	태스크등록일
1026	789	최초등록일시
154	789	코드
195	789	비고
862	789	보도명
216	790	FST_REG_DT
250	790	사용자처리과명
897	790	주민번호2 (FK)
116	790	훼손상태등급
130	790	접수ID
291	790	FILE_EXT
919	790	최초등록일시
998	790	제품번호
805	790	최초등록자ID
1026	790	최종수정자ID
154	791	코드명
195	791	변경일자
862	791	보도일자
216	791	FST_REGR_ID
250	791	작업일시
935	791	경력구분
897	791	실적항목번호 (FK)
130	791	통보순번
291	791	MBSID
116	791	등급기준설명
919	791	최종수정자ID
507	791	(
511	791	)
530	791	(
533	791	)
998	791	내구년도
805	792	최초등록일시
1026	792	최종수정일시
154	792	코드구분코드
195	792	최초등록자ID
862	792	보도매체-TV
935	792	경력시작일자
216	792	LST_UPD_DT
250	792	접근서버주소
846	792	보도요청년도
897	792	사업장번호 (FK)
116	792	작성자ID
291	792	DSID
919	792	최종수정일시
998	793	세부가격
1051	793	검토순번
805	793	최종수정자ID
130	793	통보구분
195	793	최초등록일시
862	793	보도매체-Radio
561	793	통합기관코드
216	793	LST_UPDR_ID
250	793	접근서버포트
580	793	매체등록일련번호
935	793	경력종료일자
619	793	장비유형
634	793	장비유형 (FK)
654	793	장비유형 (FK)
677	793	점검일지일련번호 (FK)
697	793	점검일지일련번호
715	793	계약년도 (FK)
733	793	계약년도
751	793	계약년도 (FK)
846	793	보도요청번호
291	794	UNIC_FILE_NM
116	794	작성일자
154	794	ORGAN_YN
919	794	사용자ID
998	794	주요사양
805	794	최종수정일시
897	794	실적
953	794	재난시나리오번호
130	794	통보파일명
195	794	최종수정자ID
862	794	보도매체-신문
447	795	가치평가기준코드
561	795	롤일련번호
580	795	정수점검일자
935	795	최종직위명
216	795	ORG_SOURCE
250	795	감사추적
821	795	결과일련번호
619	795	장비분류
634	795	장비분류 (FK)
654	795	장비분류 (FK)
677	795	장비유형 (FK)
715	795	계약번호 (FK)
733	795	계약번호
751	795	계약번호 (FK)
1051	795	검토기간_시작
381	795	관리번호
116	795	비고
406	795	그룹아이디
419	795	기본목록SID
432	795	기본목록SID
465	795	기관코드
998	795	관련S/W관리번호
697	795	계약년도 (FK)
846	795	보도요청명
897	795	업무수행내용
130	796	최초등록자
195	796	최종수정일시
862	796	보도매체-주/월간지
983	796	교육년도
561	796	정수점검일자
216	796	UNKNOWN_FROM_YMD
250	796	작업내역코드
821	796	사업년도 (FK)
935	796	경력내용
619	796	점검단위번호
634	796	점검단위번호 (FK)
654	796	점검단위번호 (FK)
677	796	장비분류 (FK)
715	796	조사년도
1051	796	검토기간_끝
381	796	비교결과_철제목
116	796	최초등록자ID
406	796	기본목록SID
419	796	복본구분
432	796	복본구분
465	796	이미지위치
953	796	재난유형
775	796	일련번호
998	796	장비사진
447	797	가치평가구분
580	797	이상여부
697	797	계약번호 (FK)
733	797	계약명
846	797	보도요청상태
897	797	최초등록자ID
983	797	교육일련번호
130	797	최초등록일시
195	797	폐쇄기관여부
862	797	보도매체-기타
935	797	비고
216	797	UNKNOWN_TO_YMD
250	797	접근결과코드
821	797	사업번호 (FK)
634	797	점검항목구분번호(순위)
654	797	점검항목구분번호(순위) (FK)
677	797	점검단위번호 (FK)
715	797	검사월
1051	797	반영결과
969	797	ID
381	797	비교결과_건제목
116	798	최초등록일시
406	798	건번호
419	798	복본표시
432	798	복본표시
953	798	재난시나리오명
998	798	SW버전
561	798	이상유무
447	798	가치평가등급
580	798	조치내용
619	798	점검단위명
697	798	조사년도 (FK)
733	798	계약일자
751	798	최초등록자ID
846	798	보도희망일자
897	798	최초등록일시
130	798	최종수정자
195	798	폐쇄기관명
862	798	보도매체명
465	798	이미지파일명
250	798	접근오류내역
935	798	최초등록자ID
969	798	년
654	798	점검항목번호(순위)
677	798	점검항목구분번호(순위) (FK)
775	798	포상년도
1051	798	초안버젼
381	799	비교결과_건수
116	799	최종수정자ID
419	799	점검일자
432	799	서고일련번호
953	799	재난시나리오내용
983	799	정보화교육명
998	799	설치된장비관리번호
447	799	가치등급설명
561	799	조치내용
580	799	최초등록자ID
821	799	결과유형
619	799	점검주기(주단위)
634	799	점검항목구분순위
697	799	검사월 (FK)
715	799	검사대상시작일자
733	799	계약금액
751	799	최초등록일시
846	799	보도요청일자
897	799	최종수정자ID
130	799	최종수정일시
862	799	보도내용
406	800	기록물유형
465	800	이미지 폭
935	800	최초등록일시
969	800	월
250	800	SQL_COD
677	800	점검항목번호(순위) (FK)
775	800	소속명
1051	800	검토자명
381	800	비교결과_이미지정보
116	800	최종수정일시
432	800	서가일련번호
953	800	행동지침
983	800	교육일자
998	800	생산국
561	800	최초등록자ID
447	800	작성자ID
580	800	최초등록일시
821	800	제목
619	801	삭제일자
634	801	점검항목구분명
654	801	점검항목순위
697	801	검사대상코드
715	801	검사대상종료일자
733	801	유지보수요율-%
751	801	최종수정자ID
846	801	보도요청내용
897	801	최종수정일시
862	801	내용요지
406	801	등록자아이디
419	801	이상여부
465	801	이미지 높이
250	801	SQL_MSG
935	801	최종수정자ID
969	801	일
775	801	직급명
1051	801	검토자소속
381	801	비교결과_페이지정보
432	801	셀일련번호
953	801	비고
983	801	교육담당자ID
998	801	관리부서코드
447	802	작성일자
561	802	최초등록일시
580	802	최종수정자ID
821	802	등록자ID
619	802	최초등록자ID
634	802	삭제일자
654	802	점검항목명
677	802	점검결과
697	802	점검구분
715	802	검사항목코드1
733	802	계약시작일자
751	802	최종수정일시
846	802	보도경향
862	802	보도내용구분
406	802	등록일시
419	802	관리처분
465	802	최초등록자ID
935	802	최종수정일시
969	802	요일
250	802	비고
775	802	이름
1051	802	검토의견서-첨부파일ID
381	802	비고
953	803	최초등록자ID
983	803	교육대상자
561	803	최종수정자ID
998	803	소재지명
447	803	비고
580	803	최종수정일시
821	803	등록일시
619	803	최초등록일시
634	803	최초등록자ID
654	803	삭제일자
677	803	보수내용
697	803	점검일자
715	803	검사항목코드2
733	803	계약종료일자
846	803	보도내용구분
862	803	보도경향
419	803	조치결과
432	803	재배치여부
465	803	최초등록일시
922	803	사업장번호
969	803	시간
775	804	포상종류명
1051	804	담당자의견-첨부파일ID
953	804	최초등록일시
983	804	정보화교육내용
512	804	(FK)
998	804	장비제원
447	804	최초등록자ID
561	804	최종수정일시
821	804	내용(장점,문제점)
619	804	최종수정자ID
634	804	최초등록일시
654	804	최초등록자ID
677	804	보수결과
697	804	점검회사명
715	804	검사항목코드3
733	804	수행업체명
846	804	추가요청사항
862	804	매체구분
419	805	최초등록자ID
432	805	최초등록자ID
465	805	최종수정자ID
969	805	최초등록자ID
775	805	포상자격
1051	805	최초등록자ID
953	805	최종수정자ID
983	805	비고
505	805	ID
998	805	기능
447	805	최초등록일시
821	805	대안
922	805	소속부서코드
619	806	최종수정일시
634	806	최종수정자ID
654	806	최초등록일시
677	806	최초등록자ID
697	806	점검자명
715	806	검사항목코드4
733	806	첨부파일ID
846	806	보도요청자ID
862	806	기사화여부
419	806	최초등록일시
432	806	최초등록일시
465	806	최종수정일시
969	806	최초등록일시
775	806	최초등록자ID
1051	806	최초등록일시
882	806	실적항목번호 (FK)
953	806	최종수정일시
983	806	최초등록자ID
998	807	수량
447	807	최종수정자ID
922	807	사업장명
821	807	조치결과(보완요구사항)
634	807	최종수정일시
654	807	최종수정자ID
677	807	최초등록일시
697	807	응답지체시간
715	807	검사결과
733	807	최초등록자ID
846	807	첨부파일ID
897	807	실적항목번호
862	807	보도면위치
419	807	최종수정자ID
432	807	최종수정자ID
969	807	최종수정자ID
775	807	최초등록일시
882	807	사업장번호 (FK)
1051	807	최종수정자ID
983	808	최초등록일시
505	808	ID
998	808	정부자산번호
447	808	최종수정일시
922	808	담당자ID
654	808	최종수정일시
677	808	최종수정자ID
697	808	관리번호
715	808	조사일자
733	808	최초등록일시
821	808	최초등록자ID
846	808	최초등록자ID
862	808	보도요청자ID
897	808	사업장번호 (FK)
419	808	최종수정일시
432	808	최종수정일시
969	808	최종수정일시
775	809	최종수정자ID
1051	809	최종수정일시
882	809	년도
153	809	연도
983	809	최종수정자ID
998	809	납품자연락처
922	809	위치
821	809	최초등록일시
677	809	최종수정일시
697	809	당월총장애발생시간
715	809	조사자ID
733	809	최종수정자ID
846	809	최초등록일시
862	810	첨부파일ID
775	810	최종수정일시
153	810	총수
897	810	실적항목명
983	810	최종수정일시
998	810	비고
922	810	전화번호
697	811	최초등록자ID
715	811	비고
733	811	최종수정일시
821	811	최종수정자ID
846	811	최종수정자ID
862	811	비고
882	811	실적계획
897	811	실적단위명
998	812	최초등록자ID
562	812	매체등록일련번호
922	812	최초등록자ID
821	812	최종수정일시
697	812	최초등록일시
715	812	최초등록자ID
846	812	최종수정일시
882	812	최초등록자ID
862	812	최초등록자ID
897	813	최초등록자ID
562	813	정수점검일자
998	813	최초등록일시
922	813	최초등록일시
697	813	최종수정자ID
715	813	최초등록일시
862	813	최초등록일시
882	813	최초등록일시
582	814	이상여부
897	814	최초등록일시
998	814	최종수정자ID
922	814	최종수정자ID
697	814	최종수정일시
715	814	최종수정자ID
882	814	최종수정자ID
862	815	최종수정자ID
562	815	이상여부
582	815	조치내용
897	815	최종수정자ID
998	815	최종수정일시
922	816	최종수정일시
715	816	최종수정일시
882	816	최종수정일시
862	816	최종수정일시
562	816	조치사항
582	816	최초등록자ID
897	816	최종수정일시
562	817	최초등록자ID
582	818	최초등록일시
522	818	BYTYPE_M AESU
562	819	최초등록일시
582	819	최종수정자ID
522	819	BYTYPE
562	820	최종수정자ID
582	820	최종수정일시
562	821	최종수정일시
582	821	보존위치
528	823	ID
528	825	ID
